:020000040800F2
:1000000000060020290400082B0400082B04000827
:100010002B0400082B0400082B0400082B04000804
:100020002B0400082B0400082B040008CD9F0008B7
:100030002B0400082B0400082B0400082B040008E4
:100040002B0400082B0400082B0400082B040008D4
:100050002B0400082B040008D9AE000805AF0008E7
:1000600031AF00085DAF000889AF0008CD6E000811
:10007000F56E0008216F00084D6F0008796F0008C9
:10008000A16F0008CD6F00082B0400082B040008A6
:100090002B0400082B0400082B040008B5AF00084F
:1000A0002B0400082B0400082B0400082B04000874
:1000B0002B0400082B0400082B0400082B04000864
:1000C0002B0400082B0400082B0400082B04000854
:1000D0002B0400082B040008A1B00008B5B00008EC
:1000E00019B000082B0400082B0400082B0400089A
:1000F0002B0400082B0400082B040008F96F0008EB
:100100002B0400088DB00008DDB000082B040008A7
:100110002B0400082B0400082B0400082B04000803
:10012000257000084D70000879700008A57000085F
:10013000D17000082B0400082B0400082B040008D1
:100140002B0400082B0400082B0400082B040008D3
:10015000F970000825710008517100082B0400088F
:100160002B0400082B0400082B0400082B040008B3
:100170002B040008B9AB00082B0400082B0400086E
:100180002B0400082B040008C9B000082B04000849
:100190002B0400082B0400082B0400082B04000883
:1001A0002B0400082B0400082B0400082B04000873
:1001B0002B0400082B0400082B0400082B04000863
:1001C0002B0400082B0400082B0400082B04000853
:1001D0002B040008A5AB00082B0400082B04000822
:1001E0002B0400082B0400082B0400082B04000833
:1001F0002B0400082B0400082B0400082B04000823
:100200002B0400082B0400082B0400082B04000812
:100210002B0400082B0400082B0400082B04000802
:100220002B0400082B0400082B0400082B040008F2
:100230002B0400082B0400082B0400082B040008E2
:100240002B0400082B0400082B0400082B040008D2
:100250002B0400082B0400082B0400082B040008C2
:100260002B0400082B0400082B0400082B040008B2
:100270002B0400082B0400082B0400082B040008A2
:100280002B0400082B0400082B0400082B04000892
:100290002B0400082B0400082B0400082B04000882
:1002A0002B0400082B0400082B0400082B04000872
:1002B0002B0400082B0400082B0400082B04000862
:1002C0002B0400082B0400082B0400082B04000852
:1002D0002B0400082B0400082B0400082B04000842
:1002E0004ECF4EA5A6B6F7295896DBA5B8CECFFCC3
:1002F0008C0772719EFAB24D4227090759712B641F
:10030000034AA19F695D84F25FC8DD56AC4821496C
:1003100082B8C4A2F08853678D159175B481B45C1E
:10032000CF332D752821A822B27347917F7A17D039
:100330003EFC84A9A4766B7358E33E8DE330D37EF4
:100340008363D3A0A8564A001B2909EE5F1C68FFEF
:10035000422887642C9A29A42ACCDAAF3F73131061
:1003600098D9A6E355421ADE000000000000000004
:10037000000000000000000000000000000000007D
:10038000000000000000000000000000000000006D
:10039000000000000000000000000000000000005D
:1003A000000000000000000000000000000000004D
:1003B000000000000000000000000000000000003D
:1003C000000000000000000000000000000000002D
:1003D000000000000000000000000000000000001D
:1003E000000000000000000000000000000000000D
:1003F00000000000000000000000000000000000FD
:1004000000000000000000000000000000000000EC
:1004100000000000000000000000000000000000DC
:10042000000000000000000002E000F000F8FEE71D
:1004300072B6374880F30888364880F30988364812
:100440003649086040F20000CCF200004EF63471EC
:10045000CEF200010860BFF34F8FBFF36F8F40F201
:100460000000C0F2F0004EF68851CEF200010860A4
:10047000BFF34F8FBFF36F8F4FF00000E1EE100A14
:100480004EF63C71CEF200010860062080F314881D
:10049000BFF36F8F09F0FCFD08F062FF4FF055309D
:1004A0001F491B4A91423CBF41F8040BFAE71D4922
:1004B000184A91423CBF41F8040BFAE71A491B4A1B
:1004C0001B4B9A423EBF51F8040B42F8040BF8E76D
:1004D00000201849184A91423CBF41F8040BFAE742
:1004E00009F014FE08F0C0FF144C154DAC4203DABD
:1004F00054F8041B8847F9E700F0C4F9114C124D79
:10050000AC4203DA54F8041B8847F9E709F0FCBD54
:1005100000060020002200200000000808ED00E096
:10052000000000200006002078CB000800220020F8
:10053000742200207822002034670020E0020008A6
:10054000E0020008E0020008E00200082DE9F04F98
:100550002DED108AC1F80CD0D0F80CD0BDEC108A6B
:10056000BDE8F08F002383F311882846A0470020C0
:1005700008F0D8FCFEE708F031FC00DFFEE70000E1
:1005800053B94AB9002908BF00281CBF4FF0FF31FA
:100590004FF0FF3000F074B9ADF1080C6DE904CEF6
:1005A00000F006F8DDF804E0DDE9022304B070474E
:1005B0002DE9F047089D04468E46002B4DD18A4216
:1005C000944669D9B2FA82F252B101FA02F3C2F149
:1005D000200120FA01F10CFA02FC41EA030E9440DA
:1005E0004FEA1C48210CBEFBF8F61FFA8CF708FBFB
:1005F00016E341EA034306FB07F199420AD91CEBD3
:10060000030306F1FF3080F01F81994240F21C8104
:10061000023E63445B1AA4B2B3FBF8F008FB10334C
:1006200044EA034400FB07F7A7420AD91CEB040481
:1006300000F1FF3380F00A81A74240F20781644451
:10064000023840EA0640E41B00261DB1D4400023D6
:10065000C5E900433146BDE8F0878B4209D9002D3A
:1006600000F0EF800026C5E9000130463146BDE8C4
:10067000F087B3FA83F6002E4AD18B4202D382422E
:1006800000F2F980841A61EB030301209E46002DDD
:10069000E0D0C5E9004EDDE702B9FFDEB2FA82F232
:1006A000002A40F09280A1EB0C014FEA1C471FFA90
:1006B0008CFE0126200CB1FBF7F307FB131140EA77
:1006C00001410EFB03F0884208D91CEB010103F144
:1006D000FF3802D2884200F2CB804346091AA4B206
:1006E000B1FBF7F007FB101144EA01440EFB00FEDA
:1006F000A64508D91CEB040400F1FF3102D2A6453F
:1007000000F2BB800846A4EB0E0440EA03409CE7DD
:10071000C6F12007B34022FA07FC4CEA030C20FA8A
:1007200007F401FA06F31C43F9404FEA1C4900FAAA
:1007300006F3B1FBF9F8200C1FFA8CFE09FB181127
:1007400040EA014108FB0EF0884202FA06F20BD99A
:100750001CEB010108F1FF3A80F08880884240F2EA
:100760008580A8F102086144091AA4B2B1FBF9F02E
:1007700009FB101144EA014100FB0EFE8E4508D929
:100780001CEB010100F1FF346CD28E456AD90238AE
:10079000614440EA0840A0FB0294A1EB0E01A14293
:1007A000C846A64656D353D05DB1B3EB080261EB01
:1007B0000E0101FA07F722FA06F3F1401F43C5E9DB
:1007C000007100263146BDE8F087C2F12003D84011
:1007D0000CFA02FC21FA03F3914001434FEA1C4753
:1007E0001FFA8CFEB3FBF7F007FB10360B0C43EA45
:1007F000064300FB0EF69E4204FA02F408D91CEBF5
:10080000030300F1FF382FD29E422DD902386344F2
:100810009B1B89B2B3FBF7F607FB163341EA034192
:1008200006FB0EF38B4208D91CEB010106F1FF38E1
:1008300016D28B4214D9023E6144C91A46EA0046D8
:1008400038E72E46284605E70646E3E61846F8E66A
:100850004B45A9D2B9EB020864EB0C0E0138A3E7B3
:100860004646EAE7204694E74046D1E7D0467BE794
:10087000023B614432E7304609E76444023842E70C
:10088000704700BF38B501F013FA01F0C3FB09F05F
:100890008BFA054609F090FB044610BB134B9D42B2
:1008A00021D001339D4241F2883504BF0124002547
:1008B00001F0C2FC20B10025032000F069F82C46AD
:1008C000002009F07BFA0CB100F078F801F042FB4F
:1008D00000F032FD08B100F071F8284600F028F968
:1008E000F9E70025E4E70546E2E700BF010007B0AD
:1008F00008B501F0A9F9A0F120035842584108BDFC
:1009000007B541F21203022101A8ADF8043001F04D
:10091000B9F903B05DF804FB38B5302383F31188CF
:10092000174803680BB108F0E1FB0023154A4FF4A8
:100930007A71134808F0D0FB002383F31188124C1E
:10094000236813B12368013B2360636813B16368B4
:10095000013B63600D4D2B7833B963687BB902208E
:1009600001F062FA322363602B78032B07D16368AE
:100970002BB9022001F058FA4FF47A73636038BD46
:1009800078220020190900089823002090220020D6
:10099000084B187003280CD8DFE800F0080502089F
:1009A000022001F037BA022001F02ABA024B0022DD
:1009B0005A6070479022002098230020F8B501F07B
:1009C0003BFC30B1524B03221A700022514B5A604B
:1009D000F8BD514B514A1C4619680131F8D0043317
:1009E0009342F9D162684E4B9A42F1D94D4B9B68C4
:1009F00003F1006303F500339A42E9D2002001F0CD
:100A000071F90220FFF7C4FF474B0021D3F8E8201B
:100A1000C3F8E810D3F81021C3F81011D3F810214F
:100A2000D3F8EC20C3F8EC10D3F81421C3F8141158
:100A3000D3F81421D3F8F020C3F8F010D3F818211C
:100A4000C3F81811D3F81821D3F8802042F00062BF
:100A5000C3F88020D3F8802022F00062C3F8802001
:100A6000D3F88020D3F8802042F00072C3F88020B1
:100A7000D3F8802022F00072C3F88020D3F88030B1
:100A800072B64FF0E023C3F8084DD4E90004BFF379
:100A90004F8FBFF36F8F254AC2F88410BFF34F8F7B
:100AA000536923F480335361BFF34F8FD2F8803002
:100AB00043F6E076C3F3C905C3F34E335B0103EAA3
:100AC000060C29464CEA81770139C2F87472F9D2D2
:100AD000203B13F1200FF2D1BFF34F8FBFF36F8F85
:100AE000BFF34F8FBFF36F8F536923F4003353610C
:100AF0000023C2F85032BFF34F8FBFF36F8F302304
:100B000083F31188854680F30888204760E700BF9B
:100B100090220020982300200000020820000208F4
:100B2000FFFF0108002200200044025800ED00E011
:100B30002DE9F04F93B0B44B2022FF2100900AA87A
:100B40009D6801F0B1F9B14A1378A3B90121B04809
:100B500011700360302383F3118803680BB108F030
:100B6000C5FA0023AB4A4FF47A71A94808F0B4FAE9
:100B7000002383F31188009B13B1A74B009A1A60DE
:100B8000A64A1378032B03D000231370A24A5360A4
:100B90004FF0000A009CD3465646D146012001F092
:100BA00039F924B19C4B1B68002B00F026820020F1
:100BB00001F04AF80390039B002BF2DB012001F0C7
:100BC0001FF9039B213B1F2BE8D801A252F823F009
:100BD000510C0008790C00080D0D00089D0B000851
:100BE0009D0B00089D0B00089F0D00086F0F00086B
:100BF000890E0008EB0E0008130F0008390F0008DB
:100C00009D0B00084B0F00089D0B0008BD0F00084E
:100C1000F10C00089D0B0008011000085D0C000895
:100C2000F10C00089D0B0008EB0E00089D0B00085E
:100C30009D0B00089D0B00089D0B00089D0B0008F4
:100C40009D0B00089D0B00089D0B00080D0D000872
:100C50000220FFF74DFE002840F0F981009B0221A1
:100C600005A8BAF1000F08BF1C4641F21233ADF8D7
:100C7000143001F007F891E74FF47A7000F0E4FFC8
:100C8000071EEBDB0220FFF733FE0028E6D0013F12
:100C9000052F00F2DE81DFE807F0030A0D1013369E
:100CA0000523042105A8059300F0ECFF17E00421BB
:100CB0005548F9E704215A48F6E704215948F3E773
:100CC0004FF01C08404608F1040801F00DF804211B
:100CD000059005A800F0D6FFB8F12C0FF2D1012045
:100CE0004FF0000900FA07F747EA0B0B5FFA8BFB9E
:100CF00001F026F926B10BF00B030B2B08BF0024E3
:100D0000FFF7FEFD4AE704214748CDE7002EA5D0B6
:100D10000BF00B030B2BA1D10220FFF7E9FD0746D7
:100D200000289BD00120002600F0DCFF0220FFF706
:100D30002FFE1FFA86F8404600F0E4FF0446B0B1EB
:100D4000039940460136A1F140025142514100F061
:100D5000E9FF0028EDD1BA46044641F21213022100
:100D600005A83E46ADF8143000F08CFF16E7254686
:100D70000120FFF70DFE244B9B68AB4207D92846A4
:100D800000F0B2FF013040F067810435F3E7002541
:100D9000224BBA463E461D701F4B5D60A8E7002EF1
:100DA0003FF45CAF0BF00B030B2B7FF457AF02202B
:100DB000FFF7EEFD322000F047FFB0F10008FFF62C
:100DC0004DAF18F003077FF449AF0F4A08EB050356
:100DD000926893423FF642AFB8F5807F3FF73EAF4F
:100DE000124BB845019323DD4FF47A7000F02CFFCD
:100DF0000390039A002AFFF631AF039A0137019B53
:100E000003F8012BEDE700BF00220020942300200F
:100E10007822002019090008982300209022002041
:100E200004220020082200200C220020942200200E
:100E3000C820FFF75DFD074600283FF40FAF1F2DC8
:100E400011D8C5F120020AAB25F0030084494245C0
:100E5000184428BF4246019201F000F8019AFF2190
:100E60007F4801F021F84FEAA803C8F387027C49C4
:100E70002846019301F020F8064600283FF46DAFA4
:100E8000019B05EB830533E70220FFF731FD0028C6
:100E90003FF4E4AE00F064FF00283FF4DFAE00272B
:100EA000B846704B9B68BB4218D91F2F11D80A9BBC
:100EB00001330ED027F0030312AA134453F8203C49
:100EC00005934046042205A9043701F03BF980460A
:100ED000E7E7384600F008FF0590F2E7CDF8148008
:100EE000042105A800F0CEFE02E70023642104A837
:100EF000049300F0BDFE00287FF4B0AE0220FFF79F
:100F0000F7FC00283FF4AAAE049800F01FFF0590FC
:100F1000E6E70023642104A8049300F0A9FE00285A
:100F20007FF49CAE0220FFF7E3FC00283FF496AE6E
:100F3000049800F00DFFEAE70220FFF7D9FC002833
:100F40003FF48CAE00F01CFFE1E70220FFF7D0FC7D
:100F500000283FF483AE05A9142000F017FF0746D0
:100F60000421049004A800F08DFE3946B9E7322030
:100F700000F06AFE071EFFF671AEBB077FF46EAE8F
:100F8000384A07EB0903926893423FF667AE0220A6
:100F9000FFF7AEFC00283FF461AE27F003074F4493
:100FA000B9453FF4A5AE484609F1040900F09CFE9E
:100FB0000421059005A800F065FEF1E74FF47A7072
:100FC000FFF796FC00283FF449AE00F0C9FE002868
:100FD00044D00A9B01330BD008220AA9002000F05C
:100FE0006BFF00283AD02022FF210AA800F05CFF06
:100FF000FFF786FC1C4807F09BFF13B0BDE8F08F9D
:10100000002E3FF42BAE0BF00B030B2B7FF426AE20
:101010000023642105A8059300F02AFE0746002856
:101020007FF41CAE0220FFF763FC804600283FF4EB
:1010300015AEFFF765FC41F2883007F079FF05989F
:1010400000F0C6FF46463C4600F07AFFA6E506469D
:101050004EE64FF0000901E6BA467EE637467CE6EA
:101060009422002000220020A0860100704700008A
:1010700070470000704700002DE9F04100F580370F
:10108000044616463B7C5BB9C0681030204400F033
:10109000E5FEE5683544B5F5004FE56002D816B1C8
:1010A000BDE8F081DEB905F07F0605F110000021F2
:1010B000C6F180062044F6B232462E4400F0F4FE1B
:1010C000A06804F11008324600F10060414600F5C6
:1010D000003008F009FC30B901233B74E0E74FF41D
:1010E00000463546ECE7A26805F11001404632445F
:1010F0002144A260E268521BE26000F0AFFE0220D1
:10110000BDE8F04100F090BE183000F0E9BC0000EE
:1011100010B5044603F0A4FB204610BD10B50446EC
:1011200003F09EFB204610BDC0B2A0F14103052B89
:1011300002D83738C0B27047A0F16103052B94BFC5
:1011400057383038F6E7000070B5044615460846B3
:1011500003220C4900F08CFE014688B908346E1C4D
:1011600015F91100FFF7E0FF024616F911000131F1
:10117000FFF7DAFF102940EA021004F8010BEFD163
:1011800070BD00BF74BB00082DE9F04FADF53F7D89
:101190000746416801222AA805F044FA002840F0D9
:1011A00087800646824681461125DFF80C81DFF8EC
:1011B0000CB101AB4FF4805241462AA805F092FBD6
:1011C000002875D1019AB2F5805F71D8002A65D0E8
:1011D0000446019A9442ECD2282D0FD008DC132D3E
:1011E0002DD01E2D39D0112D13D00134A4B2F0E72B
:1011F000322D2DD0372D2FD02D2DF6D13B68121B3F
:1012000008EB040138461B692D259847BDF80440BA
:10121000EBE7121B022A09D9594608EB040000F03B
:1012200027FE18B902342825A4B2DEE718F80430E6
:101230003A2B3DD00A2B1CBFA1461325D5E718F841
:1012400004300A2B34D03A2B04BFA2463225CCE717
:1012500018F80430202BC8D0264618F804300A2B82
:101260001AD1AAEB090208EB090102A811254F2A9D
:1012700028BF4F220AF06AFCA21B08EB060116A841
:101280004F2A28BF4F220AF061FC3B6816AA02A928
:10129000DB6838469847A8E71E25A6E73B6838462E
:1012A00004491B69984701200DF53F7DBDE8F08F8B
:1012B0000020F9E759BC0008A023002078BB0008F3
:1012C00000F1180110B5044686B00846019100F0FF
:1012D000F1FB2046FFF758FF60B1019902A800F02A
:1012E00049FC102204F1080102A80AF0CDFBB0FA73
:1012F00080F0400906B010BD70B504460025EEB27E
:10130000304600F0FFFC58B100213046013500F0B6
:1013100009FD08B9002070BD022000F085FDEEE750
:101320002046FFF731FF0028F4D004F58034207CFC
:1013300080F00100EFE70000F0B5C9B008F04CFD07
:1013400003F0AAFA18B90025284649B0F0BD69464D
:101350002A4805F089FB00284BD1294C204605F08E
:10136000B3FB284805F0B0FB274805F0ADFB21464C
:10137000224805F025FC0028E5D1702003F06AFA28
:10138000064610B1214B44600360336830469B68C9
:101390009847054600282ED01A4F1948394605F0BF
:1013A0000FFC05460028CED1194803F053FA044635
:1013B00038B1184B4760036000F58033C0E902552F
:1013C0001D74236820469B689847054628B10E493E
:1013D0000C4805F0F5FB0028B5D1336830465B6852
:1013E00098471CB1236820465B68984703F03CFA95
:1013F000AAE70025FAE70446EFE700BF7CBB000838
:101400008CBB0008A3BB0008B9BB0008DCBB00080C
:1014100014000100F8BB00082DE9F04FD44A8DB04C
:101420000B68D0F804A001931A440368D14E1A4403
:10143000D1F81C90DFF8B4C3DFF8B4B3D0E90234BC
:10144000634003EA0A03634013444A6802920AEBCA
:101450007363029CC84A2244C468224484688AEAAE
:1014600004051D40654015448A68039203EB355519
:10147000039CC24A2244846822448AEA03042C4022
:1014800084EA0A041444CA6805EBF434049216444E
:1014900083EA0502224056445A4032440E690596BA
:1014A00004EBB222059FB64E3E441E4485EA040377
:1014B00013406B4033444E69069602EB7363069FFC
:1014C000B04E3E442E4484EA02051D40654035443A
:1014D0008E69079603EB3555079FAB4E3E44264475
:1014E00082EA03042C4054403444A84E4E4405EB99
:1014F000F434164483EA050222405A4032440E6A0C
:10150000089604EBB222089FA14E3E441E4485EA91
:10151000040313406B4033444E6A099602EB736335
:10152000099F9C4ED1F830E03E44D1F83880F34416
:101530002E4484EA02051D40654035448E6AA6F5B6
:10154000244703EB35550A964F3F274482EA0304AC
:101550002C4054403C44CF6A0B9705EBF4340B9E6F
:101560008D4F3744029E174483EA050222405A40B9
:101570003A448A4F774404EBB2221F4485EA0403BD
:1015800013406B403B444F6BBC4402EB73636544B8
:1015900084EA020C0CEA030C8CEA040C6544DFF8C4
:1015A00054C2C44403EB3555A44482EA03042C40DE
:1015B00054406444D1F83CC0794905EBF4346144AB
:1015C000114483EA050222405A400A44754904EB5B
:1015D000B2223144079E194484EA02032B4063403F
:1015E0000B44714902EBF36331440B9E0D4482EAD4
:1015F00003012140514029446C4D03EBF151354426
:10160000019E254483EA010414405C402C44684D4B
:1016100001EBB4443544069E154481EA04021A40A5
:101620004A402A44634D04EB323235440A9E1D443D
:1016300084EA02030B4063402B445F4D02EBF363EB
:101640003544059E0D4482EA03012140514029445E
:101650005A4D03EBF1516544254483EA01041440DB
:101660005C402C44564D01EBB4443544099E15446E
:1016700081EA04021A404A402A44524D04EB3232B5
:101680003544049E1D4484EA02030B4063402B440E
:101690004D4D02EBF36345440D4482EA03012140C2
:1016A00051402944494D03EBF1513544089E2C44E7
:1016B00083EA010515405D402C44454D01EBB444DF
:1016C0003544039E2A4481EA04051D404D402A44C6
:1016D000404D04EB32323D442B4484EA02059344EE
:1016E0000D4065402B443C4D02EBF3633544069EB0
:1016F000294482EA0305254055402944374D03EB30
:10170000F1514D442C4483EA010515405D402544C8
:1017100001EBB54581EA050404EA03024A405A4454
:10172000A6F5B82B089E05EB3232ABF2BE6B5440E7
:101730005B4423442A4C344402EB33730B9E0C4429
:1017400085EA020159402144264C344403EB71518F
:10175000029E254482EA03044C402544224C444422
:1017600001EB3545144483EA01026A40224443E018
:1017700078A46AD7EECEBDC156B7C7E8DB70202487
:10178000AF0F7CF52AC68747134630A8019546FD62
:10179000D8988069AFF7448BBED75C892211906BD3
:1017A0002108B44962251EF640B340C0515A5E2656
:1017B000AAC7B6E95D102FD65314440281E6A1D81A
:1017C000C8FBD3E7E6CDE121D60737C3870DD5F4B3
:1017D000ED145A4505E9E3A9F8A3EFFCD9026F67B8
:1017E00081F6718722619D6D0C38E5FD937198FD3E
:1017F0008A4C2A8D8E4379A6934C344405EB722291
:10180000059E1C4481EA0503534023448F4C344415
:1018100002EB33730A9E0C4485EA020159402144CD
:101820008B4C4C4403EB7151254482EA03044C4039
:101830002C44884D354401EB3444019E154483EA21
:10184000010262402A44844D3D4404EB72221D444F
:1018500081EA040353402B44804D354402EB33733B
:10186000049E294484EA02055D4029447C4D3544A8
:1018700003EB7151079E254482EA03044C402C443B
:10188000784D354401EB3444099E2A4483EA01052E
:1018900065401544744A324404EB7525039E134495
:1018A00081EA04026A401A44704B734405EB3272B9
:1018B0000B4484EA0501514019446D4B634402EB2B
:1018C00071511C4485EA02034B401C44694B33446C
:1018D00001EB3444019E1D4482EA010363402B4422
:1018E000654D04EB73233544069E154463EA0102FB
:1018F00062402A44614D03EBB2624D4462EA04093E
:1019000029445F4D89EA0309454449442C445D4D0F
:1019100002EBB1513544049E61EA03081D4488EA94
:101920000208444401EB744464EA02034B402B4434
:10193000554D04EBF323754463EA010E15448EEA1A
:10194000040E0EEB0502514D03EBB262354462EA20
:10195000040E29440A9D8EEA030EA5F580164C4D0F
:101960007144A6F6833602EBB151264461EA0304C2
:1019700054403444029E01EB7444354464EA020648
:101980001D444E407319089E424D04EBF323354429
:1019900063EA01061544664072193F4D03EBB262DB
:1019A000654462EA040629443C4D5E403144079E8A
:1019B00002EBB151354461EA03062C44384D5640E0
:1019C0003D443444059E1D4401EB744464EA020323
:1019D0004B402B44334D04EBF32335440B9E15440D
:1019E00063EA010262402A442F4D03EBB2623544A0
:1019F000039E0D4462EA0401594029442B4D02EB39
:101A0000B15135442A4E254461EA030454402C4424
:101A1000099D01EB74442E4464EA02051E4485EAE4
:101A200001039D1903681A440AEB040303EBF52331
:101A30000260436083681C44C36819448460C160C9
:101A40000DB0BDE8F08F00BF44EABEA4A9CFDE4BC5
:101A5000604BBBF670BCBFBEC67E9B28FA27A1EACE
:101A60008530EFD4051D880439D0D4D9E599DBE65B
:101A7000F87CA21F6556ACC4442229F497FF2A4380
:101A8000A72394AB39A093FCC3595B6592CC0C8F10
:101A9000D15D84854F7EA86FE0E62CFE144301A340
:101AA000A111084E827E53F735F23ABDBBD2D72A38
:101AB00091D386EB094B036003F18833436003F154
:101AC0002943A3F59613A3F68B638360A3F18833B0
:101AD000C3600023C0E90433704700BF012345679A
:101AE0002DE9F8431446026905460E46E300C2F3A9
:101AF000C50800F118079B18036122BF4369013331
:101B0000436112F4FC7F436903EB5473436114D0C7
:101B1000C8F1400907EB08004C4504D22246BDE855
:101B2000F84309F0E3BF403C4A464E4409F0DEFF6B
:101B3000444439462846FFF76FFCA04606EB0409EB
:101B4000B8F13F0FA9EB08010AD94022384609F045
:101B5000CDFF39462846A8F14008FFF75DFCEFE7C6
:101B6000A1096FF03F02384602FB014206EB8111EA
:101B7000D5E7000070B50B6901F1180506460C4663
:101B8000C3F3C503EA18501C8022EA54C3F13F0294
:101B9000072A1FD8002100F087F929462046FFF7C1
:101BA0003BFC38220021284600F07EF923692946B3
:101BB0002046236563696365FFF72EFC21461022EA
:101BC000304609F093FF204658220021BDE87040BE
:101BD00000F06AB9C3F137020021E5E72DE9F84FBB
:101BE0004FF47A7306460D46002402FB03F7DFF834
:101BF0005080DFF8509098F900305FFA84FA5A1C50
:101C000001D0A34210D159F824002A463146036876
:101C1000D3F820B03B46D847854205D1074B012079
:101C200083F800A0BDE8F88F0134042CE3D14FF411
:101C3000FA7007F07DF90020F4E700BFE4330020DC
:101C40001022002014220020002307B502460121A3
:101C50000DF107008DF80730FFF7C0FF20B19DF8A8
:101C6000070003B05DF804FB4FF0FF30F9E7000018
:101C70000A46042108B5FFF7B1FF80F00100C0B2A9
:101C8000404208BD074B0A4630B41978064B53F85A
:101C90002140014623682046DD69044BAC4630BC38
:101CA000604700BFE433002014220020A08601001A
:101CB00070B50A4E00240A4D07F0BAFD308028683E
:101CC0003388834208D907F0AFFD2B680444013301
:101CD000B4F5003F2B60F2D370BD00BFE6330020A7
:101CE000A033002007F07EBE00F1006000F5003058
:101CF0000068704700F10060920000F5003007F0C6
:101D0000F3BD0000054B1A68054B1B889B1A8342E4
:101D100002D9104407F088BD00207047A03300208E
:101D2000E633002038B50446074D29B12868204421
:101D3000BDE8384007F090BD2868204407F07AFDE0
:101D40000028F3D038BD00BFA0330020002070472A
:101D500000F1FF5000F58F10D0F800087047000028
:101D6000064991F8243033B100230822086A81F82B
:101D70002430FFF7BFBF0120704700BFA43300200D
:101D8000014B1868704700BF0010005C194B013808
:101D90000322084470B51D68174BC5F30B042D0CC6
:101DA0001E88A6420BD15C680A46013C824213465B
:101DB0000FD214F9016F4EB102F8016BF6E7013A48
:101DC00003F10803ECD181420B4602D22C2203F826
:101DD000012B0424094A1688AE4204D1984284BFDC
:101DE000967803F8016B013C02F10402F3D1581A12
:101DF00070BD00BF0010005C2422002038BC000829
:101E0000022803D1024B4FF080529A61704700BF05
:101E100000100258022803D1024B4FF480529A61FD
:101E2000704700BF00100258022804D1024A5369CB
:101E300083F48053536170470010025870B5044614
:101E40004FF47A764CB1412C254628BF412506FB3C
:101E500005F0641B07F06CF8F4E770BD002310B5C3
:101E6000934203D0CC5CC4540133F9E710BD0000A9
:101E7000013810B510F9013F3BB191F900409C4287
:101E800003D11AB10131013AF4E71AB191F90020F6
:101E9000981A10BD1046FCE703460246D01A12F904
:101EA000011B0029FAD1704702440346934202D035
:101EB00003F8011BFAE770472DE9F8431F4D14465C
:101EC0000746884695F8242052BBDFF870909CB3F3
:101ED00095F824302BB92022FF2148462F62FFF7C6
:101EE000E3FF95F824004146C0F1080205EB8000AD
:101EF000A24228BF2246D6B29200FFF7AFFF95F864
:101F00002430A41B17441E449044E4B2F6B2082EB9
:101F100085F82460DBD1FFF723FF0028D7D108E044
:101F20002B6A03EB82038342CFD0FFF719FF00280F
:101F3000CBD10020BDE8F8830120FBE7A4330020CB
:101F4000024B1A78024B1A70704700BFE43300202E
:101F500010220020F8B5194C194806F0F1FA214674
:101F6000174806F019FB24684FF47A70154ED4F820
:101F70009020154DD2F80438114F43F00203C2F8F7
:101F80000438FFF75BFF2046104906F013FCD4F835
:101F900090200424D2F8043823F00203C2F8043855
:101FA0004FF4E133336055F8040BB84202D03146A8
:101FB00006F024FA013CF6D1F8BD00BFECC90008D8
:101FC00018490020CC33002014220020F4C9000856
:101FD0000C4B70B50C4D04461E780C4B55F8262062
:101FE0009A420DD00A4B002118221846FFF75CFFD9
:101FF0000460014655F82600BDE8704006F0FEB9C1
:1020000070BD00BFE43300201422002018490020D6
:10201000CC3300202DE9F04771B6464B01201D68F6
:10202000454BB3F8008000231A46194605F038F9ED
:102030000446802007F076FD0746002862D0002C79
:1020400060D03E4EADB24FF0800A7369284643F02F
:10205000C0637361D6F8143143F0C063C6F814311D
:1020600007F0E2FB05EB080200FB05F34FF4D06C30
:1020700050434FF03D0E984233D93269520144D457
:10208000D6F81021510140D4216803F100628A6022
:102090002268D7602268C2F804A02268C2F800C093
:1020A000D4F80090D9F8002042F00102C9F80020CD
:1020B000D4F80090D9F8002022F01E02C9F80020C0
:1020C000D4F80090D9F80020D207FBD494F80C90F3
:1020D000803361680EFA09F20A60CCE7002007F04D
:1020E00081FC204605F01CF9384607F057FD134BDC
:1020F0005A6942F0C0625A61D3F8142142F0C062BA
:10210000C3F8142161B6BDE8F0870D4B9A6A42F41A
:1021100000729A629A6A42F400429A6261B600269C
:10212000012007F05FFCB045D8D9A819013607F0A7
:1021300093FBF8E7A0330020E63300200020005294
:1021400000ED00E030B50A44084D91420DD011F881
:10215000013B5840082340F30004013B2C4013F09E
:10216000FF0384EA5000F6D1EFE730BD2083B8EDDD
:1021700030B5002489B00B4D1C22214601A80094E3
:10218000FFF792FE20226946281909F07DFC30B93C
:102190002034B4F5A07FF5D1012009B030BD002076
:1021A000FBE700BFE80200082DE9F047D8B004467D
:1021B0000D4616461F46FFF7DBFF90BBA369482B71
:1021C00031D1082204F11C01184809F05DFC50BB14
:1021D0008246DFF85C80DFF85C904FF4B07200213B
:1021E0006846FFF761FE08EB0A0204F12401684625
:1021F00002F0F4F92A464946684602F0F5F96846C5
:102200003A46314602F0F0F9684602F0EFF928B19B
:102210000AF1200ABAF5A07FDFD1122058B0BDE83C
:10222000F0870020FAE71120F8E700BF5CBC000847
:10223000E802000800000208404A2DE9F341106856
:102240006B4651686A4603C308233D493D4809F07F
:102250002BFC0446002836D10A24FFF789FF00280A
:1022600067D0394A6B46106851686A4603C3082331
:102270003649344809F018FC0546002859D003694E
:10228000B3F5F01F55D8418B42F29C72914250D168
:102290002F4A024402F110018B424AD3103B2949D4
:1022A00000209E1AFFF74EFF05F11801074632463F
:1022B0000020FFF747FFAB689F423AD1EB68984296
:1022C00008BF002435E00369B3F5F01F01D90B24E2
:1022D000C3E7B0F8661042F29C72914201D00C2420
:1022E000BBE71B4E064406F15C02934201D2102468
:1022F000B3E75C3B00F16407324612499D1B0020A6
:10230000FFF720FF394680462A460020FFF71AFFD4
:10231000A368984501D00D249FE7E3689842FAD15D
:1023200020462B463A463146FFF73EFF044600283A
:1023300093D1204602B0BDE8F08100BF48BC000840
:1023400090FF1D000000020851BC0008DCFF1D00CA
:102350000800FEF7837842781B04007843EA0223E2
:10236000184370470068704708B50246FFF7FAFF48
:102370000346101DFFF7F6FF0146184608BD000092
:102380000B0A017043700B0C090E8370C17070470B
:1023900008B501EB8202031F08460431FFF7E2FF94
:1023A00043F8040F9142F7D108BD000010B500EBCF
:1023B00082020C1F54F8041FFFF7E2FF0430904222
:1023C000F8D110BD2DE9F04188460546FFF7CCFF56
:1023D00006460C464046FFF7C7FF464005F1080099
:1023E0004C40FFF7C1FF07460D4608F10800FFF714
:1023F000BBFF7840694030432143BDE8F0810000D5
:10240000F8B506460F46FFF7DDFF05460C4606F118
:10241000100007F11001FFF7D5FF28432143F8BD55
:102420002DE9F04F0368B7B0384CC1F1000A1A9398
:10243000436837491B938368364D1C93C368364FF6
:102440001D930369DFF8F8B01E9343698AEA0B0B0A
:10245000324E1F938369DFF8ECE02093C369DFF805
:10246000E8C02193036A2293436A2393D0E910239F
:1024700062402B4C05922B4A53400693836A249367
:10248000C36A2593D0E9122362400D92264A534035
:10249000264A0E93036B00922693436B279381EA9F
:1024A000EA7320991793836B18912893C36B289A2A
:1024B000299300F150031192299A21991292269A98
:1024C00019910792279A1E990892249A15910392BE
:1024D0001F99259A16910492DDE922421C990F91C9
:1024E0001D9910911A9909911B990A911049CDE9EA
:1024F000015101F14F7101F5D341583113910D494B
:1025000014910D49CDE90B710C4F1FE0D182E6AD5E
:10251000ABD9831F79217E132BF894FE85AE67BB60
:102520001F6C3E2B7F520E518C68059BFCC000082F
:1025300019CDE05B3AF54FA572F36E3C3BA7CA8418
:102540006BBD41FB08C9BCF367E6096A00990978CD
:1025500003EBC10553F831106D68611842EB0508B3
:10256000099D49190A9D45EB0808059D81EA050961
:10257000069D88EA050A1AEB0E0E4CEB090C8EEA52
:1025800004048CEA0202250E45EA0225120E42EAF4
:102590000422009C6478099203EBC40253F834408F
:1025A0005268091948EB02084A190592099A48EB42
:1025B00002020692059A82EA0A0A069A4FEA1A412C
:1025C00082EA090941EA094209994FEA1949349214
:1025D00049EA0A423592349A1EEB02022A92359A4F
:1025E0004CEB02022B922A9A55402B9A51400A46F4
:1025F000490041EAD5716D00339145EAD2723292B9
:10260000009A927803EBC20153F832204968039C88
:102610000D9DA218049C44EB010E0F9912EB010AC8
:102620001099009A41EB0E0E0E9985EA0A058EEA82
:102630000108039918EB070746EB050687EA010C2A
:1026400074404FEA1C6141EA0421240E44EA0C2440
:1026500092F803C003EBCC0953F83CC0D9F80490BE
:102660001AEB0C024EEB090E52180D924EEB0402BF
:102670000E920D9A82EA08080E9A55404FEA1842C7
:1026800042EA05422D0C309245EA08423192309AD6
:10269000BA182C92319A46EB02022D922C9A514094
:1026A0002D9A5440620042EAD1724900099241EAEF
:1026B000D4720492009A127903EBC20153F83220CB
:1026C0004D6807998A18089941EB05051599521824
:1026D000169941EB0505179982EA0B04039285EAE6
:1026E000010A0B99009A1AEB01060C9992F805E081
:1026F00041EB040B079953F83E8086EA010C0899D8
:10270000039A8BEA01074FEA1C6112EB080241EAC7
:1027100007214FEA176747EA0C2703EBCE0CDCF8DA
:10272000049045EB09055218159245EB07021692E5
:10273000159A82EA0A0A169A4FEA1A49544049EA57
:102740000442240C2E9244EA0A42119C2F922E9AA3
:10275000B6182F9A4BEB020B71408BEA07077A00F1
:1027600042EAD1724900089241EAD7720792009A70
:10277000917903EBC10253F8311052686118129C31
:1027800044EB0208189A8918199A42EB0808019A32
:10279000029C4A40129F88EA040E139C1EEB04051B
:1027A000149C44EB0209119C6C4089EA070C270E2B
:1027B00047EA0C274FEA1C6C4CEA042C009CE47995
:1027C00003EBC40A53F83440DAF804A00919059C55
:1027D00048EB0A08C919179148EB0C011891179991
:1027E00081EA0E0E18994FEA1E4A4A404AEA024A06
:1027F000120C15EB0A0542EA0E4E87EA050749EB73
:102800000E0989EA0C0C4FEA4C0848EAD7727F009F
:10281000129247EADC721192009A117A03EBC1021C
:1028200053F8311052686118069C44EB0208049A70
:102830008918099A48EB020881EA0A0A049A88EA88
:102840000E0E1EEB06064BEB0A0B86EA0204099AF3
:10285000270E8BEA020247EA02274FEA126C009A1F
:10286000527A4CEA042C03EBC20453F83220646819
:10287000891848EB0408CA19099248EB0C020A921D
:10288000099A8EEA020E0A9A8AEA020A4FEA1E4260
:1028900042EA0A424FEA1A4A01924AEA0E42029278
:1028A000019A92190B92029A42EB0B020C920B9A2C
:1028B00057400C9A8CEA020C4FEA4C0444EAD77257
:1028C000359C7F00049247EADC720392009A927A68
:1028D00003EBC20153F832204E680D998A180E9905
:1028E00041EB0606079912EB01080899009A46EB9E
:1028F0000106349986EA040A88EA0101079C1AEB6A
:10290000050549EB010985EA040C089C89EA0407DE
:102910004FEA1C6444EA07243F0E47EA0C2792F86A
:102920000BC003EBCC0E53F83CC0DEF804E018EB10
:102930000C0246EB0E0612190F9246EB070210929C
:102940000F9A8AEA020A109A51404FEA1A4242EA62
:102950000142090C059241EA0A420692059A52196F
:102960001392069A42EB09021492139A5440149A55
:1029700057407A0042EAD4726400089244EAD7725F
:102980000792009A127B03EBC20153F832204D6884
:1029900015998A18169941EB0505119912EB010A50
:1029A0001299009A45EB010530998AEA010631999E
:1029B00085EA01072A9911EB070E2B9941EB060CCA
:1029C00011998EEA010412998CEA0108210E41EA5C
:1029D00008214FEA186848EA042492F80D8003EBB6
:1029E000C80953F83880D9F804901AEB080245EB6F
:1029F00009055218159245EB04021692159A574094
:102A0000169A56403A0C42EA0642360C0D9246EAB5
:102A100007420E920D9A12EB0E0E0E9A42EB0C0C20
:102A200081EA0E0184EA0C044FEA440A4AEAD172B0
:102A30004900129241EAD472179C1192009A917B3C
:102A400003EBC10253F8311052686118189C44EB33
:102A50000208329A009C8918339AE47B48EB0208FA
:102A60002E9A81EA02092F9A88EA020A2C9A12EB1E
:102A70000A072D9A42EB0906329A87EA020B339A2B
:102A80004FEA1B65724045EA0225120E42EA0B220C
:102A900003EBC40B53F83440DBF804B0091948EBDE
:102AA0000B084919189148EB0201199118998AEA03
:102AB000010A199989EA01094FEA1A4141EA094BC9
:102AC0004FEA19491BEB070749EA0A4185EA07055E
:102AD00041EB0606179182EA06014A0042EAD572E6
:102AE0006D0045EAD174009910310091009D39497B
:102AF000A9427FF42BAD099B0C9D83EA0E010A9B32
:102B000083EA0C081A9B59401B9B88EA0303C0E91F
:102B100000130F9B13997B401F46109B73401E466A
:102B20001C9B5F401D9B5E40159BC0E902760B9E7F
:102B30005E40169B5D401E9B5E401F9B5D40189B48
:102B4000C0E904655940199D149B83EA0508209B40
:102B50005940219B88EA0303C0E90613059B83EAD9
:102B60000409069B83EA020A229B89EA0304239B49
:102B70008AEA0302C0E90842039B0D9A049C83EA97
:102B8000020C0E9B259A5C40249B12998CEA03034D
:102B90005440179AC0E90A34079B83EA0B04089B48
:102BA00083EA020A269B5C40279B8AEA0302119B68
:102BB000C0E90C42019A5A40029B83EA010A289B11
:102BC0005A40299B8AEA0303C0E90E2337B0BDE8C7
:102BD000F08F00BFBCC1000870B505460E46144614
:102BE00022B9802221465030FFF75EF924F0070019
:102BF000E40004F038042844A4F12003C4F12002C6
:102C000006FA04F406FA03F326FA02F21343D0E9B3
:102C1000146234431343C0E9144370BD28220021D9
:102C2000FFF742B901232422002140F8043BFFF7BB
:102C30003BB90000002351F8232040F82320013342
:102C40000A2BF8D170470000002351F8232052428C
:102C500040F8232001330A2BF7D17047002330B509
:102C600051F8234052F823502C4440F823400133BC
:102C70000A2BF5D130BD0000002330B551F82340B8
:102C800052F82350641B40F8234001330A2BF5D13E
:102C900030BD000030B55242041F0439243054F8CE
:102CA000045F51F8043F844283EA050303EA020308
:102CB00083EA05032360F2D130BD00002DE9F04F17
:102CC0008BB0044608460025FFF74CFB0190081D19
:102CD000FFF740FB8301C81D0093FFF73BFB4FEA62
:102CE000401A01F10A00FFF735FB4FEAC00B01F172
:102CF0000D00FFF72FFB860001F11000FFF732FBFC
:102D0000814601F11400FFF725FB4FEAC01801F1DD
:102D10001700FFF71FFB470101F11A00FFF71AFB2D
:102D2000030101F11D000493FFF714FB019A6C4BA2
:102D300003EA800312F1007005934FEA906045F1B9
:102D4000000340EA83109B1681064FEA901C521A3A
:102D500006926CEB4C020792009A101843F10002A5
:102D600016F1007C45F100014FEA9C6C4CEA811C95
:102D700089164FEA8C634FEA9C15F31A65EB4506FA
:102D800019EB0C0941F1000110F1807C42F10005C2
:102D90004FEA5C6C4CEAC51C6D161AEB0C0AA0EBF2
:102DA0004C6245F1000519F1807008924FEA5060BD
:102DB00041F1000240EAC2105216A9EB40610991AC
:102DC00018EB0001009142F100021AF1007145F187
:102DD0000005890E41EA8511AD161BEB01004FF08D
:102DE000130B019045F10005009810F1007042F1BD
:102DF0000002800E40EA821092163F18029742F1BC
:102E00000002019F17F1807E45F100054FEA5E6EDA
:102E10004EEAC51E029D13EB0E0346F1000615F1A6
:102E20008077049D42F100027F0E039347EAC217A8
:102E30005216ED1942F1000213F1007C049546F19F
:102E400000064FEA9C6C069B4CEA861C15F1007646
:102E5000059D42F10002B60E46EA8216921615EB67
:102E6000060942F1000219F1807542F100026D0E6F
:102E700045EAC215A5FB0B2BA9EB4565D218079BAC
:102E80004BEB030B12F10078089B4BF1000B4FEA60
:102E9000986848EA8B18A2EB8862226013EB08025C
:102EA0006260AAEB8162A260019B6562A3EB4E6146
:102EB000039BA3EB8C63E1602361099B13EB0C0381
:102EC0006361009BA3EB8063A361029BA3EB47605C
:102ED000049BA3EB8666E06126620BB0BDE8F08F31
:102EE000FCFFFF012DE9F04F0D688BB00C694FF02E
:102EF000130B82FB055C82FB044615F100774CF155
:102F0000000ABF0E47EA8A174FEAAA680AF07C4A0D
:102F1000BB064AEA971AEB1A4D6806936CEB0A0354
:102F200014F1007CC2FB0578079346F1000E4FEACE
:102F30009C6C4D694CEA8E1C4FEAAE6A0EF07C4EDA
:102F40004FEA8C634EEA9C1EC2FB05CAE41A66EB8C
:102F50000E0E17F1807548F100086D0E45EAC81590
:102F60004FEA6863A7EB45668F6808961CF1807688
:102F7000C2FB07534AF1000A760E15F1007946EAC2
:102F8000CA1643F100034FEA9969ACEB466749EA78
:102F9000831909974FEA6A6A8F699B16A5EB8965C1
:102FA000C2FB076ACF6801964E46C2FB07630296D2
:102FB000019ECF6916F1007C4AF1000A4FEA9C6C31
:102FC0004CEA8A1C4FEAAA6A6646C2FB076A039665
:102FD000029E16F1807843F100034FEA586848EAF0
:102FE000C31814EB08044EEB6366039B13F1807760
:102FF0000B6A496A4AF1000A7F0E856047EACA17E0
:103000004FEA6A6ABE46C2FB03EACDF810E014F14B
:10301000007E46F100034FEA9E6E4EEA831E049B3B
:1030200013F10076A4EB8E644AF10003B60E46EA73
:1030300083169B16B246C2FB01A31AF18071CDF82C
:1030400014A043F10003490E41EAC3115B16A1FB32
:103050000B2A0BFB03AA069BD218079B4AEB030A19
:1030600012F100734AF1000A9B0E43EA8A13A2EBA5
:1030700083620260089AD3184360029BA3EB486303
:10308000C3600461099B13EB0E034361019BA3EB37
:103090008C638361039BA3EB4767049BA3EB86666A
:1030A000059BC761A3EB4161066241620BB0BDE8BD
:1030B000F08F00002DE9F04FA5B04FF0130E8146C0
:1030C000D1E90053D2E9008408938B680EFB04F029
:1030D0000193CB680993D1E904C30A93D1E906733C
:1030E0000B93D1E908630C9393680293D36804931C
:1030F0001369069353690D9393690F93D3691693DC
:10310000136A1893536A1993089B5B001093099BE9
:103110005B0011930A9B5B0012930B9B5B00139364
:103120000C9B5B001493029B0EFB03F31A93049B0E
:103130000EFB03FB069B0EFB03F317930D9B0EFB8D
:1031400003F315930F9B0EFB03F30E93169B0EFBDD
:1031500003F30793189B0EFB03F30593199B0EFBD8
:1031600003F30393039A109B83FB021A019B1A46F5
:10317000059BC5FB081AC2FB031A119B1A46079B45
:10318000C2FB031A0E9BCCFB031A129B1A46159B1B
:10319000C2FB031A179B039AC7FB031A139BC3FBBB
:1031A0000B1A1A9BC6FB031A149BC3FB001A089B3D
:1031B0001B9188FB03300199C5FB0430C2FB013031
:1031C00005990A460999C2FB01300799C1FB0C30E9
:1031D0000E990A460A99C2FB01301599C1FB0730C6
:1031E00017990A460B99C2FB01301A99CBFB06309E
:1031F00002460C98C1FB00321A93109B029983FB84
:1032000004301C92C5FB01300199039AC8FB0130C0
:103210001199C2FB01300599C1FB0C3007990A4690
:103220001299C2FB01300E99C1FB073015990A466D
:103230001399C2FB01301799C1FB06301499CBFBDF
:1032400001300299CDE91D30089B83FB01B0049B3E
:103250000A99C5FB03B0019BC3FB04B0099BC8FBE3
:1032600003B0039BC3FB0CB0059BC3FB01B0079BE2
:103270000B99C3FB07B00E9BC3FB01B017990C9BC6
:10328000C2FB06B0C1FB03B0109B0499209083FBE6
:1032900001310698CDF87CB0C5FB0031019802469B
:1032A0000298C2FB00311198039AC0FB04311298B6
:1032B000C8FB0C31C2FB00310598C0FB07310798F1
:1032C00002461398C2FB00310E98C0FB06311598D8
:1032D00002461498C2FB003106981593089B0D9A7C
:1032E00083FB00031791C5FB0203019A9346049ADE
:1032F000CBFB0203099A9346029ACBFB02030A9A7C
:10330000CCFB0403C8FB0203039AC2FB0703059A24
:1033100093460B9ACBFB0203079AC2FB06030E9A55
:1033200093460C9ACBFB02030D9A2193109B0E90AF
:1033300083FB02030F9AC5FB0203019A9346069A88
:10334000CBFB0203119A9346049ACBFB0203029A29
:10335000CCFB0203129AC2FB0403139A0399C8FB25
:103360000703C1FB0203059AC2FB0603079A9346B3
:10337000149ACBFB02030F9A2293089B079083FBBE
:103380000203169AC5FB0203019A93460D9ACBFBE2
:103390000203099A9346069ACBFB0203049ACCFBDC
:1033A00002030A9A9346029ACBFB02030B9AC7FBCD
:1033B0000403C8FB0203059AC1FB060393460C9A5B
:1033C000CBFB0203169A2393109B059083FB020309
:1033D000189AC5FB0203019A93460F9ACBFB02038E
:1033E000119A93460D9ACBFB0203069ACCFB02037B
:1033F000129A9346049ACBFB0203029AC7FB02037C
:10340000139AC2FB0403149AC8FB0603C1FB020310
:10341000189A1193089B109083FB02321998179900
:10342000C5FB003201981546169AC0FB0235099A71
:103430000F98C2FB00350D9A0698CCFB02350A9A0C
:10344000C2FB0035049A0298C7FB02350B9A159F00
:10345000C2FB00350C98C6FB04352A461B9CC8FBF2
:10346000003206931B9B089213F100764AF100008C
:10347000B60E46EA801600F07C43B20643EA961385
:10348000A21A6AEB030309920A931A9B9E191C9BCA
:1034900043EBA060159B13F10075179B4FEA9565F0
:1034A00043F1000345EA831503F07C44AA0644EA8D
:1034B0009514BA1A61EB04010E9C6519219C44EB2A
:1034C000A36316F1807440F10000640E44EAC01456
:1034D000A6EB44660B961D9E341901941E9C44EB8A
:1034E000606015F1807443F10003640E44EAC31474
:1034F000A5EB44650C95079D2C190294229C44EB86
:103500006363019C14F1007440F100004FEA946879
:103510001F9C48EA801814EB080B209C44EBA06029
:10352000029C14F10076059C43F10003B60E46EAB6
:10353000831614EB060A239C44EBA3631BF1807CE7
:1035400040F100004FEA5C6C4CEAC01C12EB0C022C
:1035500041EB60611AF18075109843F100036D0E24
:10356000039245EAC3154019AAEB456504901198EA
:1035700040EB636312F1007741F10001BF0E47EAAF
:103580008117049911F10074069943F10003A40E08
:1035900044EA831409190591089941EBA36305993D
:1035A00011F1807043F10003400E40EAC3105B1636
:1035B000A0FB0E120EFB0323099A89180A9A43EB0B
:1035C000020311F1007E43F100034FEA9E6E4EEAC2
:1035D000831E0B9B13EB0E03A1EB8E61C9F8043025
:1035E000019BC9F80010A3EB8863C9F80830ABEB66
:1035F0004C63C9F80C30039BA3EB8762C9F8102019
:103600000C9BC9F81C50DF19029BA3EB8666049B38
:10361000C9F81470A3EB8464059BC9F81860A3EB88
:103620004060C9F82040C9F8240025B0BDE8F08FFB
:103630002DE9F04F95B082464FF02608D1E902629D
:10364000D1E9003008924FEA400B4FEA430ED1E92E
:1036500004720392D1E9065204920A6A05924A6AF8
:103660001321099272000692089A52000192039A5D
:1036700052000292049A52000A9201FB05F20B9248
:10368000049A08FB02F20792059A01FB02F9099AD3
:10369000039908FB02F208FB01F88BFB021CC3FB39
:1036A000031C7300C3FB091C019B1C46079BC4FB46
:1036B000031C0B9C7B00C3FB041C039BC3FB081C6B
:1036C00082FB06380C910199CEFB0038C9FB01380A
:1036D0000799C1FB073802990C460B99C1FB0438C6
:1036E0000D938BFB00310198CEFB0631C2FB0031FC
:1036F0007800C9FB0031079804460298C4FB0031EA
:103700000B98C0FB053108980E910B938BFB06318B
:10371000CEFB00310298C2FB0731C9FB0031C4FB6C
:103720000531CDE90F31019B680002998BFB033411
:10373000CEFB0734C6FB0634C2FB01340799C9FB34
:1037400000340498C1FB00348BFB07160793039BDE
:103750000898C3FB0E16069BC3FB00160A98C2FB13
:1037600005160B463146C9FB0031CDE91131029BEC
:103770008BFB0310069BCEFB0510C3FB0710019BC0
:103780001E46089BC6FB03100A9BC2FB0310059B49
:103790000E46C9FB03608BFB05130896049ECEFB07
:1037A0000613069EB146039EC9FB0613019EC6FB87
:1037B0000713059E89460699C2FB069313930A9B3D
:1037C000CDF80C908BFB0393CEFB0693C1FB0593C6
:1037D000DDE90116C1FB06930999C7FB0793C2FBFC
:1037E00001930A93059B0E468BFB0312069BCEFBAF
:1037F0000612049EC3FB0612019BC3FB0512029D29
:103800000E461346C7FB056306930C9B0C9D13F1F4
:10381000007E05964CF100014FEA9E6E4EEA811E35
:1038200001F07C434FEA8E6243EA9E13AD1A6CEBC3
:1038300003030995079D0C930D9B13EB0E0E079B3D
:1038400048EBA16813F1007C44F100034FEA9C6C43
:103850004CEA831C03F07C414FEA8C6241EA9C11E4
:10386000AA1A64EB0104119911EB0C0C129941EBAB
:10387000A3631EF1807648F10001760E46EAC11678
:10388000AEEB466507950B9DAD1901950E9D45EB79
:1038900061611CF1807E43F100064FEA5E6343EAFA
:1038A000C613ACEB43650B95089DEB18029340EBF8
:1038B0006663019810F100760F9841F100014FEA1C
:1038C000966848EA811810EB080B109840EBA1614C
:1038D000029810F1007643F10000B60E039B46EA11
:1038E00080169B190393139B43EBA0631BF1807C11
:1038F00041F100004FEA5C6C4CEAC01C12EB0C0278
:1039000044EB60610398049210F180750A9843F1CA
:1039100000036D0E45EAC31519EB050940EB63631F
:1039200012F100774FF0130241F1000119F1007418
:103930004FEA976743F10003A40E47EA8117059900
:1039400044EA83140919A9EB84640591069941EBB3
:10395000A363059911F1807043F10003400E40EA22
:10396000C3105B16A0FB021E02FB03E3099A891831
:103970000C9A43EB020311F1007E43F100034FEA7E
:103980009E6E4EEA831E079B13EB0E03A1EB8E6126
:10399000CAF80430019BCAF80010A3EB8863CAF888
:1039A0000830ABEB4C63CAF80C30049BA3EB876286
:1039B0000B9BDF19CAF81020CAF81470029BCAF8D2
:1039C0002040A3EB8666039BA3EB4565059BCAF8E5
:1039D0001860A3EB4060CAF81C50CAF8240015B068
:1039E000BDE8F08F0029A1BFCB1001F00701C05C3A
:1039F00040FA01F1ACBF01F0010000207047000067
:103A000070B500F11C02041F084E0120002556F875
:103A1000041B54F8043FC9435B1845EB05011B1810
:103A200041F10000A242F2D170BD00BF64BC0008A9
:103A3000F8B50024064608460D46FFF7E1FFDFF81B
:103A400034C00246C117C0F1000E20465CF8043BAA
:103A500055F824702EEA0303DB1940EB00079B188E
:103A600046F8243004F1010441EB07020021082C40
:103A7000ECD1F8BD64BC000810B50446FFF7CEF8E1
:103A800004F12800FFF7CEF804F15000FFF7CAF860
:103A900004F17800BDE81040FFF7C0B838B50A4619
:103AA00005460C462831FFF7D9F82830FFF7E4F82F
:103AB00004F1500105F15000FFF7BCF804F1780162
:103AC00005F17800024ABDE83840FFF7F3BA00BFBD
:103AD000ACBC00082DE9F04395B0044616460D46EF
:103AE0000A466846283104F12808FFF7B7F80AA803
:103AF000FFF7C2F8324669466846FFF7DBFA0AA9C3
:103B000006F1280204F15007084604F17809FFF78E
:103B1000D1FA0AAA69464046FFF7A0F82046FFF707
:103B2000ABF805F1500238461146FFF797F806F159
:103B300050023946FFF7BEFA06F1780205F1780126
:103B40004846FFF7B7FA4A4639466846FFF786F80F
:103B50000AA8FFF791F8424621464846FFF7AAFA1D
:103B60000AAA21462046FFF7A5FA6A464146404682
:103B7000FFF7A0FA0AAA69463846FFF79BFA15B084
:103B8000BDE8F0832DE9F84F0A9E1C460546904695
:103B900018460F460A462831FFF760F8304605F10F
:103BA000280AFFF769F842462146204605F15009E8
:103BB000FFF780FA08F1280231463046FFF77AFA1B
:103BC000324621465046FFF749F82846FFF754F899
:103BD00007F1500205F1780B48461146FFF73EF811
:103BE00008F1500207F178015846FFF763FA5A4688
:103BF00049462046FFF732F83046FFF73DF8524677
:103C000029465846FFF756FA324629462846FFF716
:103C100051FA224651465046FFF74CFA32462146A9
:103C20004846BDE8F84FFFF745BA00002DE9F047D8
:103C3000144689460746104604F1280809F1280A67
:103C400004F15005FFF7F4FC51464046FFF7F0FC45
:103C500009F15001284604F17806FFF7E9FC2946EE
:103C600028460222FFF73EF9494607F178095246F5
:103C70003046FEF7F3FF31464846FFF7D9FC2246AF
:103C800041463046FEF7EAFF4046FEF7F5FF324672
:103C900049462046FEF7F0FF424629462846FEF7F1
:103CA000EBFF2A4621463846FFF704FA42463146E2
:103CB00007F12800FFF7FEF92A46414607F15000B8
:103CC000FFF7F8F9324621464846BDE8F047FFF7CE
:103CD000F1B9000038B5FC2204460D4611462846CD
:103CE000FFF780FE08B9013AF8D14FF6FF730132B1
:103CF0002380E270A37038BD2DE9F84F9846C37851
:103D000005460E4693420CD111464046571EFFF71A
:103D100069FE044640463946FFF764FE844209D1F5
:103D2000EF70B5F9003093420CBF95F90200002006
:103D3000BDE8F88F511C4FF000098E42A8BF0E4617
:103D400006F1FF3A971B04FA0AF4BB466442CA45DF
:103D50000BF1010B09DD59464046FFF743FE00FA1F
:103D600009F009F101090444F1E739464046FFF73B
:103D700039FE04446342234013F0AA0F14BF01200C
:103D8000002013F0CC0118BF022113F0F00340EA29
:103D9000010018BF0423511C03438E1B1E4444FA28
:103DA00003F32E80AB70BBE7D0E9103210B5D0F82A
:103DB000D04000211B1952F1000228BF0121C0E9A7
:103DC000103231B1D0E91232013342F10002C0E9C0
:103DD000123210BD70B50D46A0F1080600F178044E
:103DE00028460835FEF7C0FAE6E90201A642F7D1F7
:103DF00070BD0000F8B504460D468E180027B54288
:103E000018D0D4F8D030802B07D12046FFF7CCFF54
:103E10000021FEF705FBC4F8D070D4F8D02020466E
:103E200015F8011BFEF7D8FED4F8D0300133C4F8E2
:103E3000D030E4E7F8BD000008B5FEF7E1FA08432A
:103E4000B0FA80F04009013808BD000000231A468E
:103E50008B4202D0C2540133FAE7704770B59EB06E
:103E600005460C4604266846FFF7E2FB69460AA8A9
:103E7000FFF7DEFB0AA90846FFF7DAFB0AAA21468C
:103E80001046FFF717F90AAA69466846FFF712F9C4
:103E900069466846FFF7CCFB6A460AA96846FFF701
:103EA00009F969460AA8FFF7C3FB0AA90846FFF704
:103EB000BFFB013EF9D16A460AA968460926FFF709
:103EC000F9F869460AA8FFF7B3FB0AA90846FFF705
:103ED000AFFB013EF9D10AA96A4613260846FFF74F
:103EE000E9F80AA914A8FFF7A3FB14A90846FFF7ED
:103EF0009FFB013EF9D10AAA14A909261046FFF733
:103F0000D9F80AA90846FFF793FB0AA90846FFF764
:103F10008FFB013EF9D16A460AA968463126FFF7B0
:103F2000C9F869460AA8FFF783FB0AA90846FFF704
:103F30007FFB013EF9D10AA96A4663260846FFF7CE
:103F4000B9F80AA914A8FFF773FB14A90846FFF7EC
:103F50006FFB013EF9D10AAA14A931261046FFF7DA
:103F6000A9F80AA90846FFF763FB0AA90846FFF764
:103F70005FFB013EF9D16A460AA96846FFF79AF845
:103F800069466846FFF754FB69466846FFF750FBF1
:103F9000224669462846FFF78DF828216846FFF734
:103FA00055FF0DEB0100FFF751FF14A8FFF74EFF7F
:103FB0001EB070BD10B58CB0044602A80191FFF789
:103FC0004DFF02A90846FFF733FB02A90846FFF799
:103FD0002FFB02A9019A0846FFF76CF802A90846D0
:103FE000FFF726FB019A02A92046FFF763F8282174
:103FF00002A8FFF72BFF0CB010BD000070B58AB00F
:1040000002460B4601F128066D461868083353F83E
:10401000041C2C46B34203C42546F6D11321099B48
:10402000684600244B43694603F180735B160568BC
:10403000013408302B4450F8045C052C05EBA363D5
:104040004FEA6363F3D1132000244343086801342B
:1040500008310344052C23F07C4041F8080C51F84A
:10406000040C00EBA3604FEA606320F07E4041F84F
:10407000040CEBD11046DDE9003143EA8161FEF723
:104080007FF90299019B101DC90441EA9311FEF7C3
:1040900077F90399029B02F10800490341EA533181
:1040A000FEF76EF90499039B02F10C00890141EAC5
:1040B000D341FEF765F902F11000DDE9053143EA6D
:1040C0004161FEF75DF90799069B02F11400C904EE
:1040D00041EAD311FEF754F90899079B02F1180041
:1040E000090341EA5331FEF74BF90999089B02F1A4
:1040F0001C00890141EA1351FEF742F92821684664
:10410000FFF7A4FE0AB070BD2DE9F04F2DED028B34
:104110009DB00C466422002108EE100A03A8FDF7AA
:10412000C3FE0DF10C080022DFF8E0E0414604F187
:104130003C099246CDF800805EF8043B251F8C4672
:1041400000269846284650F8047FD346DCF8003015
:104150000197019FE8FB073B9B194BF10006814546
:104160004CF8043BEFD101320E640431092AE3D14B
:104170000021202203A8FDF797FE002103AB8E4605
:104180001A6C0020DFF888A09C4690460646C1F1D4
:1041900008095AF8047BF346DCF800200130019747
:1041A000019FE8FB072B92194BF1000648454CF89C
:1041B000042BEED3013104330829E1D11C34012151
:1041C0000020009B1A6855F8043FD2439B1840EB2F
:1041D00000025B18009941F8043B009142F1000194
:1041E000A542EED103A90846FFF722FC082203A945
:1041F00018EE100AFEF7DAF8642103A8FFF726FE8E
:104200001DB0BDEC028BBDE8F08F00BFBCC1000843
:1042100064BC000810B588B001466846FFF7EEFEA2
:104220009DF800406846202104F00104FFF70EFECF
:10423000204608B010BD000030B59FB00D460446C2
:1042400050316846FFF7B6FE6A4629460AA8FEF7CF
:1042500031FF6A4605F1280114A8FEF72BFF14A9C7
:104260002046FFF7CBFE0AA8FFF7D4FFE37F282103
:1042700083EAC010E0776846FFF7E8FD0DEB010028
:10428000FFF7E4FD14A8FFF7E1FD1FB030BD00000B
:1042900010B590B00446102201466846FEF778F843
:1042A00069462046FFF730FF40216846FFF7CEFD04
:1042B00010B010BD10B590B00C4601466846FFF72F
:1042C0009DFE214608A8FFF799FE08A96846FFF75A
:1042D000B3FD202104466846FFF7B8FD0DEB010051
:1042E000FFF7B4FD601C10B010BD0000F0B595B034
:1042F00004466846FEF79EFC69462046FFF7AEFD81
:1043000021460AA8FFF794F90AA96A460846FEF76B
:10431000D1FE6846FEF786FC69460AA8FFF7CAFF89
:10432000694606466846FEF78FFC0AA8FFF7C2FFFB
:10433000104A054668461146FEF786FC69460AA8FB
:10434000FFF7B8FF0746214668460A4AFEF7B2FE65
:1043500045EA070269462046FEF79CFC28210DEB42
:104360000100FFF773FD6846FFF770FD46EA0500A0
:1043700015B0F0BD14BD0008DFF880C02DE9F04194
:104380009046A0B004460E461D4600F108070CF109
:1043900038026346083703CB934247F8080C47F8C6
:1043A000041C9C46F5D186EA0522124B002153409D
:1043B00000222360104B63600023C4E93416C4E973
:1043C0001023C4E912238DB17C2201A80091FDF7CE
:1043D0006BFD2A4641466846FDF740FD694604F1FB
:1043E0005000FFF7F7FC8023C4F8D03020B0BDE8C0
:1043F000F08100BF08C9BDF267E6096ADCBC0008AD
:10440000002340211A46FFF7B7BF00008830FFF7AE
:10441000F7BF00002DE9F04704460D4617469AB352
:10442000D0F8D0604FF0000A04F150094FF0800836
:10443000764206F07F06964228BF1646324635443D
:10444000BE1BFFF7D7FC26F07F072F44AF4213D0E7
:10445000D4F8D030802B07D12046FFF7A5FC0021EF
:10446000FDF7DEFFC4F8D0A029464846FFF7B2FCAE
:104470008035C4F8D080E9E706F07F02394620464F
:10448000BDE8F047FFF7B6BCBDE8F0878830FFF71E
:10449000C1BF00002DE9F84304460D46D0F8D060B6
:1044A0007F2E06D83246002120460136FEF794FBC7
:1044B000F6E72046A4F10807FFF776FC0121FDF797
:1044C000AFFFD4F8D4202E4622F00708A844464572
:1044D0000CD057F8081F3046D7F80490FDF750FF6E
:1044E000301D08364946FDF74BFFF0E722F0070381
:1044F000D4F8D4209A4217D903F0070223F007001A
:10450000DE08D100204454F836204768C1F1200667
:10451000A1F12000CA4007FA06F627FA00F032435C
:104520000243EA540133E3E72046D821BDE8F843CB
:10453000FFF78CBC8830FFF7ADBF000010B5B6B0F8
:1045400004466846FFF718FF6846DDE93812FFF7B2
:1045500061FF21466846FFF79DFF36B010BD0000A1
:10456000002307B5CDE900121A464021FFF7E6FF08
:1045700003B05DF804FB000003689B681847000067
:104580002DE9F0410E46044615460139024606F172
:104590003F0042F8043B11F8017F814202F8017BA1
:1045A000F9D16A1E04F1640105F11F0012F8017FC0
:1045B000824201F8017BF9D120465B689847236865
:1045C000314620469B68202298472368294620468A
:1045D0009B682022BDE8F04118470000014BFFF71F
:1045E000CFBF00BFE0C10008FFF7C6BF2DE9F04F05
:1045F0008046ADF56F7D054658F8043B16A905F1D8
:10460000240A05F16409DB6826AC984716A8FFF771
:104610003FFE0822514604A8FDF7BAFE494630A8DD
:10462000FEF74CFB3AA8FEF7FDFA30A944A8FEF7C6
:10463000FFFF864A44A92046FEF73CFD44A93AAA5A
:104640000846FEF719FB20462146FEF707FB44A962
:104650002246FEF72FFD21462046FFF747FE28B9E8
:104660004FF0FF300DF56F7DBDE8F08F224644A975
:104670002046FEF71FFD2046FFF7CCFD95F883305E
:10468000B0EBD31F03D021462046FEF7DDFA44A845
:1046900030AA2146FEF70EFD04A8FFF7B1F9002865
:1046A000DED121462046FEF7CFFA44A94EAF084698
:1046B000FEF7CAFA76AA21463846FFF7B7FA21462E
:1046C0009EA8FFF7EBF99EAA394676A8FFF702FAF3
:1046D00076A9C6A8FFF7E2F916A902A8FFF7FAFA29
:1046E00003A85146FFF7F6FA9DF80B609DF80F30CE
:1046F00020469E4238BF1E46FFF7BEF93A46214685
:104700002046FFF793FA16AB3246032102A8FFF7C3
:10471000F3FA05465346052103A8FFF7EDFA002DED
:10472000834623DD6D10A0229EAB02FB053221469D
:104730002046FFF7CFF9BBF1000F3ADD76AB4449D5
:104740004FEA6B0B78220093204602FB0B120CAB56
:104750002146FFF717FA013ED0D226A94846FFF7B7
:104760006BFD49464046FFF767FB7BE7E3D005EB6F
:10477000D5756FF09F019EAB80A86D104D43591900
:10478000FEF758FA9EAB05F1280176A81944FEF70A
:1047900051FA9EAB05F150018AA81944FEF74AFA76
:1047A0009EAB05F1780194A81944FEF74DFA76AA5C
:1047B000BDE7D0D00BEBDB73254A6FF0770530A94E
:1047C0005B100CA803FB05252246FEF747FA76A8E6
:1047D000FEF752FA0CA905F128020846FEF76AFC1A
:1047E00076A92A460846FEF765FC76AA0CA930A8E9
:1047F000FEF734FA2046FEF73FFA3AAA1146104671
:10480000FEF72CFA44A905F150020846FEF752FCC7
:1048100044AA3AA90CA8FEF72FFA76A8FEF71EFACA
:1048200030AA214644A8FEF745FC76AA2146204638
:10483000FEF740FC30A90CAA0846FEF73BFC76AA1E
:104840000CA93AA8FEF736FC85E700BF84BC000837
:104850003CBD00080121884238BF084605F09AB9DE
:1048600008B105F09BB9704710B5084C0122084902
:10487000002001F0B3FE23783BB1064803F036FD7B
:10488000044803F069FD0023237010BDE8330020C5
:10489000F4C10008C83600201D482DE9F041036D21
:1048A0002BB901224FF48051503005F0D7FA194E40
:1048B00033780BB1FFF7D8FF0324174F4FF00008F0
:1048C000134D15492846C7F8048003F037FD2846E4
:1048D00003F070FB48B1013C284603F03DFD14F0A5
:1048E000FF04EED1204634700FE00C4901220C4841
:1048F00001F074FE014618B1284603F0F7FCEAE720
:10490000084800F011F801203070BDE8F08100BFC8
:10491000C8360020E83300203C220020F4C1000803
:10492000EC330020F8C100080FB4002004B0704739
:104930000068704703460068596870470B0A0170A9
:1049400043700B0C090E8370C1707047110A02701E
:1049500003714170110C120E8170C2701A0A4271FB
:104960001A0C1B0E8271C37170470000C36A0239B2
:10497000023B8B4283BF4389006C01FB0300002094
:1049800070470000C2F307238A76CB760378032BA7
:1049900001BF120C0A75120A4A75704700F10B012B
:1049A0000022D30143EA520310F8012B52FA83F399
:1049B0008842DAB2F5D110467047000010B5417850
:1049C00004460020013102464901022A16BFA35CB9
:1049D000032203EBC03302F101021EBF9BB203EBC3
:1049E000500398B29142F0D810BD000002684AB15D
:1049F000134613F8011B1F290DD93A29F9D1911C2F
:104A00008B4202D04FF0FF3070471278302AF9D134
:104A1000036000207047014B18787047383600203B
:104A200038B50D46044618B9092000232B6038BD5F
:104A30000368002BF8D01A78002AF5D08188DA882C
:104A40009142F1D1587804F00FFC10F00100EBD145
:104A50002368EBE738B50D4640F25231144602F0B8
:104A6000B9F9FF2807D9012C0BD9030A0224687071
:104A70002B70204638BD30B1002CFAD001242870AC
:104A8000F7E70024F5E70446F3E700002DE9F843D3
:104A90000026D0F8008005460C468E76836B002BEE
:104AA0004AD098F80030042B4BD133463546402786
:104AB00020E0B7F5187F80F0C480F90606F1010602
:104AC00008BF0237D05B02372BB900F5205292B2F3
:104AD000B2F5006F0DD305F11A01C5F1FF0240EAEE
:104AE00003402144FFF7B6FF002800F0AA800544E8
:104AF00000200346D8F8102092F82310B142D8D8ED
:104B0000002B40F09E80002D00F09B800023254468
:104B1000AB766373D8F81020137903F03701DB0606
:104B200021730BD402F13800FFF704FFC4E9000140
:104B300093896381D3892381BDE8F88300200146EE
:104B4000F4E7C36C01335ED1EA6B00232E26551EB9
:104B5000184615F8011F013020290CD0052908BF7F
:104B6000E521092804D10B2B9EBFE71801337E7382
:104B7000E718013379730B28EBD1E1180020487353
:104B8000A17E00294BD1002B40D06FF00C0604F120
:104B90000D000825361B331810F8011B002938D0EA
:104BA0002E298BB24AD0A3F14101192903D8117BD8
:104BB0000D4200D020330373EDE7B9F1000F05D1AA
:104BC00000F520539BB2B3F5006F0BD307F11A0128
:104BD000C7F1FF0240EA09402144FFF73BFF48B11B
:104BE0000744002002368146D8F80C30985B002834
:104BF000E3D13846B9F1000F4FF0000218BF002092
:104C000023189A76A0E7B1463746EDE73F23A3760F
:104C10000123234400219976137B03B96373D37A6C
:104C200002F11C0003F03F0323730023FFF780FE13
:104C300020606360D38A6381138B7CE710250B4669
:104C4000B9E73F230125A37660E7000038B50546A4
:104C5000002435F8020B08B9204638BD02F0EEF802
:104C60006308C2B203EBC43312FA83F39AB2C0F3FF
:104C7000072303EB520303EBC2339CB2E9E70000C6
:104C800037B5C37804461BB90025284603B030BDAC
:104C900000F14C01826C01234078019104F00AFB81
:104CA000054680B9A36BE070A06C226BC31A9342D7
:104CB000EAD2A3780199022BE6D10244012360785D
:104CC00004F0F8FAE1E70125DFE7000038B5836C6E
:104CD00005460C468B4210D0FFF7D2FF60B9224642
:104CE000012305F14C01687804F0C0FA00281CBFCC
:104CF0004FF0FF340120AC6438BD0020FCE7000019
:104D000038B500230446C3704FF0FF338364FFF7C8
:104D1000DDFF00284BD1B4F84A524AF655239D4294
:104D200007D10B22254904F14C0006F0ADFE002806
:104D30003FD094F84C30EB2B03D01833DBB2012B6F
:104D40002ED84AF655239D4206D108221C4904F16B
:104D50009E0006F099FE48B3B4F85730B3F5007FD3
:104D60001ED194F85930DBB15A1E1A4218D1B4F84A
:104D70005A30ABB194F85C30013B012B10D8B4F839
:104D80005D306BB1B4F85F307F2B06D804F16C0056
:104D9000FFF7CEFDB0F5803F02D3B4F8623053B9CF
:104DA0004AF6552085420CBF0220032038BD04205E
:104DB000FCE70120FAE70020F8E700BF24C2000862
:104DC00030C2000802392DE9F04701F007044FF026
:104DD000010A466C05460AFA04F41746984606EBA3
:104DE0001136C1F3C809E4B2314628460136FFF74F
:104DF0006DFF18B10120BDE8F087994605EB090267
:104E000092F84C30234214BF01210021414513D0B8
:104E10006340013F82F84C3085F803A0EBD064007A
:104E200014F0FF04EAD109F1010301244FF0000955
:104E3000B3F5007FE1D1D7E70220DCE70129024684
:104E4000F8B50C4640F28C800668F36A8B4240F25B
:104E500087803378013B032B00F28280DFE803F088
:104E60000229384B04EB5405B16B304601EB552158
:104E7000FFF72CFF10B14FF0FF30F8BD6F1CC5F3EA
:104E80000805B16B3046354401EB572195F84C507D
:104E9000FFF71CFF0028EED1C7F30807E3073E44E5
:104EA00096F84C0045EA00204CBF0009C0F30B0007
:104EB000E3E7B16B304601EB1421FFF707FF002851
:104EC000D9D1640004F4FF742644B6F84C00D4E74A
:104ED000B16B304601EBD411FFF7F8FE0028CAD1C0
:104EE000A40006F14C0004F4FE742044FFF720FDFA
:104EF00020F07040C1E7D0E90430D57953EA0001D1
:104F000001D0916801B95DBB9168022DA4EB01014C
:104F10000DD1013B728940F1FF305B0A43EAC05377
:104F2000B3FBF2F399421BD81CD0601CA5E7032DFC
:104F300002D193698B42F8D8D3699BB9B16B3046E3
:104F400001EBD411FFF7C2FE002894D1A0004C362B
:104F500000F4FE703044FFF7EBFC20F000408CE7DB
:104F600001208AE76FF0004087E70000F8B5066887
:104F700004460D463378042B0CBF4FF080524FF49B
:104F800000128A4201D80220F8BDCA06FBD182680D
:104F90000163D2B9022B13D83389B3EB551FF2D971
:104FA000F36BA363A36B6263002BECD003EB55237D
:104FB0004C36C5F308050020A3633544E563E3E7F9
:104FC000F36BC271002BE7D01A4677897F02BD428E
:104FD000114604D23046FFF7C9FCA063E2E7204641
:104FE000FFF72CFF431C024606D00128CBD9F36AF9
:104FF0008342C8D9ED1BEAE70120C5E701292DE965
:10500000F04706460C46174608D9C36A8B4205D9B5
:105010000378022B62D003D8012B22D0022552E064
:10502000033B012BFAD8816B01EBD411FFF74EFE45
:105030000546002847D1A40006F14C0304F4FE7491
:105040001C443378042B07D0204627F07047FFF725
:105050006FFC00F07040074339462046FFF76EFCB6
:105060002FE001EB5108816B01EB5821FFF72EFE79
:10507000054640BB14F0010406F14C0908F1010A91
:10508000C8F3080808BFFBB230461FBF19F8083044
:1050900003F00F023B0103F0F00318BF134309F8BC
:1050A00008300123B16BF37001EB5A21FFF70EFEBC
:1050B000054640B9CAF3080A44B1C7F3071709F80F
:1050C0000A700123F3702846BDE8F08719F80A300A
:1050D000C7F3032723F00F031F43F0E7816B01EBB6
:1050E0001421FFF7F3FD05460028ECD1640006F11A
:1050F0004C0304F4FF741F551919C7F307274F70A9
:10510000DFE70000F8B504460E461746E3690BB921
:105110001846F8BD012BA6EB0305206814BFAA1C96
:105120003A46691CFFF76AFF0028F2D1E369013BA8
:10513000E361EBE701292DE9F84306460C461746E3
:10514000056802D80220BDE8F883EB6A8B42F9D9E2
:105150007AB9A14621463046A046FFF76FFE0446C5
:10516000B0B92B78042B02D1002F43D1F771002066
:10517000E9E72B78042B02D1C379022BE9D04FF059
:10518000FF3239462846FFF739FF0028E1D0DAE739
:105190000128D7D0421C01D10120D4E72B78042B61
:1051A00019D1EA6AAB69023A93421CD308F10102B1
:1051B000A2420CD02B78042B08D10023A2EB0902C9
:1051C00049462846FFF7FEFD0028BCD1A146EB6A00
:1051D000A342BFD8C5E7002241462846FFF70EFF8D
:1051E0000028DED0AFE70133AB612B7943F0010338
:1051F0002B71DBE7F3798BB9B468BC4202D102238F
:10520000F371B4E721463046FFF718FE012899D91B
:10521000431CC1D001348442EFD0A8E7032BA6D1B0
:10522000B368BB42A3D8B2691344BB429FD3E6E73D
:1052300070B5C3790446032B06D181688369CD1804
:10524000A94203D10023E371002070BD4E1C2068E9
:105250003246FFF7D3FE0028F7D13146F0E70000D1
:105260002DE9F74305460191FFF70AFD04460028A2
:1052700049D105F14C09019928464FF40072FFF716
:1052800075FB2146A86407464846FCF70DFE6C896D
:105290006402B4F5004F28BF4FF40044B4F5007F1A
:1052A0002FD9204604F07EFC804630B122460021F2
:1052B000640A0026FCF7F8FD09E06408EEE72346DF
:1052C000BA194146687803F0F5FF18B926446B898E
:1052D0009E42F4D3404604F075FC6889801B18BFD9
:1052E000012003B0BDE8F08301366B899E42F4D201
:1052F0000123BA194946687803F0DCFF0028F3D08F
:10530000EBE70026F1E70120EBE70000F8B50446E3
:10531000FFF7B6FC0546002842D12378032B37D18E
:105320002779012F34D104F14C0601464FF4007265
:105330003046FCF7B9FD55234122722184F84A32E8
:10534000AA2304F50D7084F84F2084F84B325223C1
:1053500084F8301284F84C3084F84D30612384F89E
:10536000311284F84E3084F83332A16984F8322245
:10537000FFF7E4FA616904F50E70FFF7DFFA626B7C
:105380003B46314601326078A26403F093FF2571F9
:1053900000226078114603F0B1FF003818BF0120E9
:1053A000F8BD000000232DE9F0430B6085B00F46E7
:1053B0001546FFF71BFB061EC0F2B281804B53F867
:1053C0002640002C00F0AE813C6005F0FE052378FD
:1053D0006BB1607803F048FFC70708D41DB110F027
:1053E000040500D00A25284605B0BDE8F083002357
:1053F000F0B22370607003F023FFC10700F19481C5
:105400000DB14207EED400212046FFF779FC0228B7
:1054100040F099806E4604F2122304F25221324683
:1054200018461033FFF784FA42F8040B8B42F7D189
:10543000002556F8041B00297DD02046FFF760FCAC
:10544000012879D80128A26C40F0C08004F15703EC
:1054500004F18C0113F8015B002D7BD18B42F9D153
:10546000B4F8B430B3F5807F74D194F8B830092B18
:1054700070D104F19400FFF75DFA4FF0FF33171875
:1054800041F10001BB4275EB010363D304F1A000BD
:10549000FFF74EFA94F8BA302063012BA37059D16C
:1054A00094F8B99003FA09F91FFA89F36381002B84
:1054B00050D0444B04F1A800FFF73AFA0646984250
:1054C00048D8831C626304F1A400E362FFF730FA5A
:1054D00000EB020804F19C00C4F84080FFF728FAB2
:1054E00010441FFA89F2A06306FB02F313EB0803D2
:1054F00045EB05029F4271EB02032BD32E4604F1CC
:10550000AC00FFF715FAE06365B96389B34221D9AE
:10551000E16B2046FFF72AFA81192046FFF7D6FBF8
:1055200098B90136631993F84C30812B14D020358B
:10553000C5F30805E8E703200135042D7FF479AFB2
:10554000042807D101E0042801D101254BE70128F7
:105550007FF678AF0D2546E705F1140004F14C06FF
:105560003044FFF7E5F901280546F3D9E36A8342A1
:10557000F0D96189821E236C02FB01336364A16B45
:10558000204601EBD511FFF7A1FB0028DDD105F086
:105590007F0006EB8000FFF7CBF9431C03D00135F9
:1055A000A842ECD0D6E70425C4E90500064A2570D8
:1055B00000251388E56101339BB21380E38012E775
:1055C0003C360020FDFFFF7F40360020B4F8573006
:1055D000B3F5007FBED1B4F8626026B904F1700063
:1055E000FFF7A6F9064694F85C302663591EA370AF
:1055F0000129AFD894F859506581002DAAD0691EB1
:105600002942A7D1B4F85D8018F00F0FA4F80880E4
:10561000A0D1B4F85F0018B904F16C00FFF788F965
:10562000B4F85A10002995D006FB03FE01EB181CB4
:10563000F44460458ED3A0EB0C00A842B0FBF5F318
:1056400088D33E48834285D84FF6F57083426DD9A2
:1056500003259F1C114402EB0C03032DE7626263D8
:10566000A16323644CD1B4F8763053EA08037FF485
:1056700071AFBB0004F17800FFF75AF9E06303F261
:10568000FF13B6EB532FFFF465AF4FF0FF33032D3D
:10569000C4E905334FF08003237187D1B4F87C301F
:1056A000012B83D1511C2046FFF710FB00287FF40B
:1056B0007DAFB4F84A224AF6552320719A427FF40E
:1056C00075AF1F4B04F14C00FFF732F998427FF49D
:1056D0006DAF03F1FF5304F50C70FFF729F903F5E3
:1056E0000053203398427FF461AF04F50D70FFF74B
:1056F0001FF9A06104F50E70FFF71AF9606155E714
:10570000B8F1000F3FF426AF7144022D4FEA470372
:10571000E1631EBFD91907F0010303EB5103AEE7A4
:105720000B2560E60C255EE603255CE640F6F57584
:10573000AB428CBF022501258BE700BFF5FFFF0FB1
:10574000525261412DE9F84F07460568884649B92C
:105750006E69C6B1EB6AB34298BF0126AB69A3B9C3
:10576000002405E0FFF76AFB0128044603D8012462
:105770002046BDE8F88F421C00F0D280EB6A8342DD
:10578000F6D84646EAE70126E8E72A78EB6A042AD3
:1057900040F08380A6F1020A023B4FF0010B9A45CC
:1057A00028BF4FF0000AD146696C284601EB193139
:1057B000FFF78CFA00283BD109F00703EA6AC9F326
:1057C000C8010BFA03F3901EDBB26A184C4609F1CC
:1057D000010992F84C20814502EA030233BF5B00C5
:1057E00000234FF40071DBB228BF9946B2B90234EE
:1057F000631E0333BCD80123214628461A46FFF70F
:10580000E1FA0228B3D0012800F08A80B8F1000F35
:1058100013D10223FB710028A9D130E0CA450AD078
:10582000002BD2D10131B1F5007FBDD20123CCE7ED
:105830004FF0FF34DCE70024DAE7FB79022B07D1D5
:10584000731CA342E7D0BB68F31ABB610323FB714F
:1058500008F10102FB69A24205D113B10133FB61DA
:10586000D9E70223FBE70BB90123FB61224641463E
:105870003846FFF747FC00284FD10123FB61EA6A55
:10588000AB69023A6C6193429CBF03F1FF33AB6199
:105890002B7943F001032B716AE7464514D1741C40
:1058A0003846A34298BF02242146FFF7C7FA0128D1
:1058B0003FF45DAF431C33D0E0B16B69012B03D9DA
:1058C000EA6A934238BF1E4634460134EB6AA3426B
:1058D00003D8012E7FF644AF022421463846FFF755
:1058E000ADFA48B101283FF442AF013018D0B442BC
:1058F000EBD135E7002CE7D04FF0FF3221462846A8
:10590000FFF77CFB48B9B8F1000FB8D022464146FA
:105910002846FFF773FB0028B1D001287FF427AF9A
:105920004FF0FF3424E700002DE9F84306680446F1
:10593000076B894633782037042B0CBF4FF0805318
:105940004FF40013BB429CBF00238363836B73B18E
:10595000C7F30808B8F1000F3CD10133416B8363F2
:1059600039B93389B3EB571F34D80023A36304201C
:105970000AE07389013B13EA57232BD1FFF75EFA44
:105980000128054602D80220BDE8F883421C01D157
:105990000120F9E7F36A834216D8B9F1000FE4D089
:1059A000616B2046FFF7CEFE0546C8B10128EAD05C
:1059B000431CEDD001463046FFF752FC0028E7D1EA
:1059C000E37943F00403E371294630466563FEF74B
:1059D000CDFFA0634C36002027634644E663D3E73F
:1059E0000720D1E7F8B50E46002104460768FFF707
:1059F000BDFA98B90546A16B3846FFF767F968B953
:105A00003A78E36B042A1B780CD11B060ED50546A9
:105A100001212046FFF788FF0028ECD0042808BFAA
:105A2000072006E0E52B01D0002BF0D10135B5426F
:105A3000EED1F8BDC16C4B1C2DE9F0410446056860
:105A4000066B1FD1E5274FF00108A16B2846FFF731
:105A50003DF998B92A78E36B042A09BF1A781F70B8
:105A600002F07F021A7085F80380236BB3420DD2D7
:105A700000212046FFF758FF0028E6D0042808BF81
:105A8000022003E0FFF772FA0028DBD0BDE8F081C6
:105A90002DE9F04105460068A96B0669FFF716F984
:105AA000044620B9EB6B1A78852A03D002242046DD
:105AB000BDE8F081324603F1200153F8040B8B421C
:105AC00042F8040BF9D1777801377F01A7F1600321
:105AD000B3F5007FEAD800212846FFF725FF042808
:105AE0000446E3D00028E2D1A96B2868FFF7EEF85E
:105AF00004460028DBD1EB6B1A78C02AD6D106F118
:105B0000200203F1200153F8040B8B4242F8040BEE
:105B1000F9D196F823300F222C33B3FBF2F3B7EB15
:105B2000431FC3D34FF0400800212846FFF7FCFE77
:105B300004280446BAD00028B9D1A96B2868FFF719
:105B4000C5F804460028B2D1EB6B1A78C12AADD152
:105B5000B8F5187F09D206EB080203F1200153F8CB
:105B6000040B8B4242F8040BF9D108F12008474599
:105B7000DAD8B8F5187F9AD83046FEF71FFF738839
:105B8000834294D092E700000B68002210B50360B6
:105B900004460B6A83604B6AC261C37123F0FF0342
:105BA000896AC0E90432C164FFF7E0F920B92046F0
:105BB000BDE81040FFF76CBF10BD0000F8B50368EA
:105BC000054601271C692046FEF7F8FEA070000A72
:105BD0006678E0702846E96CFFF7C8F920B1022822
:105BE00028BF0220C0B2F8BDA96B2868FFF76EF885
:105BF0000028F4D1EB6B04F1200254F8041B94420A
:105C000043F8041BF9D12B68DF70002EE7D0002188
:105C10002846013EFFF788FEE0E700002DE9F84343
:105C20004FF0FF0806460768042445464FF6FF7903
:105C3000B16B11B9002C73D063E03846FFF746F81A
:105C4000044600285DD1F06B0378002B6ED03A78C3
:105C5000042A11D1852B4DD1336B3046F364FFF705
:105C600017FF044600284CD13B691B7903F03F0322
:105C7000B3712046BDE8F883C27AE52B02F03F02FB
:105C8000B27143D02E2B41D022F0200108293DD003
:105C90000F2A40D1590637D503F0BF05336B90F872
:105CA0000D80F364437B434530D1428B72BB037854
:105CB0000D21FC6823F04003DFF874E0013B4B4307
:105CC00001211EF801CB30F80CC009B3FF2B1DD801
:105CD00024F813C06146013301320D2AF1D1027854
:105CE000520605D521B1FF2B10D8002224F813202D
:105CF000013DEDB200213046FFF716FE04460028B4
:105D000096D00023B363B4E7AB42CBD0FF25F1E7D5
:105D1000CC45E1D0FAE72DB9FEF740FE404501D170
:105D20000024A6E74FF0FF33F364A2E70424E8E77A
:105D3000CCC200082DE9F04F002187B00446D0F80E
:105D40000090FFF713F9804670B999F80030042BE2
:105D500033D1D9F80C00FEF779FF07462046FFF74C
:105D60005DFF054620B18046404607B0BDE8F08F94
:105D7000D9F810309A8CBA42F0D193F823B040266B
:105D80005D4506D1D9F80C3033F81530002BE5D13C
:105D9000EAE7F106D9F8103008BF0236985B01F047
:105DA0004DF8D9F80C30824633F8150001F046F86A
:105DB0008245D3D102360135E2E74FF0FF0A4FF0BA
:105DC000FF3B5546C4F84CB0A16B4846FEF77EFF3A
:105DD00000285CD1E66B3778002F77D0F27AE52F78
:105DE00002F03F03A37103D0120704D50F2B04D098
:105DF000C4F84CB04FE00F2B54D194F84B305806F8
:105E00003FD4790645D5236B07F0BF0796F80DA060
:105E1000E364737B53453ED1738B002B3BD13578C4
:105E20000121D9F80C3005F03F0501930D23013D08
:105E30005D43284B13F8012BB25A71B3FF2D059324
:105E400029D81046049200F0F9FF6B1C03900293CE
:105E5000019B33F8150000F0F1FF039981421AD13C
:105E6000049A029D1146059B1B4A9342E2D1337866
:105E70005A0604D519B1019B33F815305BB97D1E64
:105E8000EDB200212046FFF74FFD00289CD0804650
:105E90006AE7BD42BDD0FF25F3E74FF6FF708242AF
:105EA000E2D0F8E72DB93046FEF778FD50453FF4D3
:105EB0005BAF94F84B30DB079AD40B2204F140011E
:105EC000304605F0E1FD002892D14DE74FF004087F
:105ED0004AE700BFCCC20008D9C200082DE9F04F44
:105EE00090F84BB099B004461BF0A00540F06881D3
:105EF0000668F26832F81530002B4AD13378042B4B
:105F000040F087800F230E352046B5FBF3F5A91C22
:105F1000FFF768FD8146002877D1236B0135A3EB9D
:105F20004515E3795A07E56435D523F00403204687
:105F3000E371FFF77DF950BB4FF0FF32616B2046F4
:105F4000FFF7E0F818BBA3682BB3214604A8FFF7BE
:105F50001BFEE0B970894FF40071D4E90423E0FB23
:105F600001233069C4E904233830FEF7EFFC3069BF
:105F7000D4E904232830FEF7E9FCE379326904A868
:105F800043F0010382F82130FFF718FE18B1814673
:105F90003BE00135AEE7D6E903544022002120461C
:105FA000FBF782FF8523012140222370C0234FF09D
:105FB000C10C04EB010884F8203000231E469E46E5
:105FC000571C04F802C0F0B2023204F807E021B115
:105FD00035F8131009B10133DBB20F0AA15408F8E8
:105FE00002700232D706F2D135F813700136002F55
:105FF000E6D184F82330831C28466370FEF726FE22
:1060000084F82400000A84F82500484619B0BDE849
:10601000F08F04F140070DF1100A1BF0010F97E813
:1060200007008AE8070000F0D38040234FF0010802
:1060300084F84B30BC46F368B8F1050F9AE80700C6
:10604000ACE803002CF8022B4FEA12428CF8002037
:1060500059D9981E424630F8021F002942D10DF14D
:106060000F0C072102F00F0E914612090EF13000BD
:10607000392888BF0EF1370001390CF8010902D028
:10608000B9F10F0FEED818AB7E205A1802F8580C51
:1060900038460022914206D010F801CB02F1010EE1
:1060A000BCF1200F31D104F13F0C072902F10102AC
:1060B00097BF18AB20205818013198BF10F8580C22
:1060C000072A0CF80200F0D92046FFF733FE81467C
:1060D000002878D108F10108B8F1640FAAD14FF077
:1060E000070992E74FF0100C01F0010E49080EEB82
:1060F0004202D30344BF82F4883282F02102BCF111
:10610000010CF1D1A7E74246A9E77246C2E7216B2D
:106110002046A1EB4511FEF729FF814600287FF4B8
:1061200074AF4FF6FF783846FEF738FC0190A16B4C
:106130003046FEF7CBFD814600287FF466AFE36B67
:10614000E9B2019A4FF00D0CD6F80CE05A734FF0FB
:106150000F02DFF8E0A0DA724A1E18730CFB02F29D
:1061600084469876D87640451AF8019B0CF1010CCC
:1061700018BF3EF8120003EB090B18BF013203F8F9
:1061800009004FEA1029002808BF4046BCF10D0F56
:106190008BF80190E7D1404502D03EF812200AB9B1
:1061A00041F040011970012300212046F370FFF7F0
:1061B000BBFB814600287FF428AF013DB7D11BE02F
:1061C0004FF0060921E704287FF41FAF84F84BB095
:1061D0001BF0020F20461BBF0C350D210125B5FB1E
:1061E000F1F518BF01352946FFF7FCFB8146002871
:1061F0007FF40BAF013D8AD1A16B3046FEF766FDFF
:10620000814600287FF401AF01462022E06BFBF7B6
:106210004BFEE36B03CF18605960BA7839889A72E5
:10622000198194F84B30E26B03F0180313730123C8
:10623000F370EAE6CCC2000810B504460A463430D2
:10624000FEF776FB886004F13800FEF773FBC2E9C5
:10625000040194F8213003F00203D3710023D361C9
:1062600010BD000003284B8B04BF8A8A43EA024317
:10627000184670472DE9F04F0B7899B004468946CF
:106280002F2BD0F800B001D05C2B09D14A461378EF
:10629000914601322F2BFAD05C2BF8D0002301E07D
:1062A000DBF81C30A3600023E3619BF80030042B73
:1062B0001ED1A368E3B1DBF82030214604A8236295
:1062C000DBF824306362DBF82830A362FFF75CFC64
:1062D0000346002854D1DBF8102002F13800FEF705
:1062E00027FBC4E9040392F8213003F00203E371B1
:1062F00099F800301F2B00F23581802300212046C1
:1063000084F84B3019B0BDE8F04FFEF72FBE494678
:106310000B78894601312F2BFAD05C2BF8D01F2B3C
:106320008CBF00250425012F2FD113882E2B31D1AE
:10633000002322F8173004F140029F428CBF2E2127
:10634000202101330B2B02F8011BF6D145F020056B
:10635000204684F84B50FFF7EDFC94F84B300028B2
:1063600000F0E78004280BD1990603F0040240F105
:10637000DC80002A00F0F6808023002084F84B3077
:1063800019B0BDE8F08F0425CDE7022F02D1538864
:106390002E2BCAD0911E87BB002322F81730002F66
:1063A00000F0118132F81300194601332028F9D08A
:1063B00009B92E2801D145F00305901E30F8173099
:1063C0002E2B01D0013FF9D14FF020334FF0000ABE
:1063D0006364D0462364C4F847300823481C32F86D
:1063E00011600090F6B1202E03D02E2E0DD1B842B0
:1063F00010D045F003050099F0E731F81730202B55
:1064000001D02E2BC8D1013FC5E79A4505D200998E
:10641000B9423BD10B2B30D101E00B2B27D145F0FA
:1064200003050B2394F84020E52A04BF052284F8D5
:106430004020082B04BF4FEA88085FFA88F808F06C
:106440000C030C2B03D008F00303032B01D145F000
:106450000205A8073FF57CAF18F0010F18BF45F003
:10646000100518F0040F18BF45F0080570E70099F3
:10647000B94202D045F00305D4D84FEA88080B236F
:106480004FF0080A00975FFA88F8B4E77F2E15D915
:10649000304640F25231CDE9022345F00203019328
:1064A00000F098FC10F0800F0646DDE9022316D0BC
:1064B00000F07F0646498E5D019D46B33146454852
:1064C000CDE9012305F02CFBDDE90123F8B9A6F1A4
:1064D000410189B219291ED848F0020810E0FF28AE
:1064E000EAD9591E8A4503D345F003059A4682E747
:1064F00004EB0A01000A0AF1010A019D81F840003B
:1065000004EB0A010AF1010A81F8406073E745F0E3
:1065100003055F26F4E7A6F1610189B219299EBF40
:10652000203E48F00108B6B2EAE7002A08BF05207D
:1065300026E75A073FF524AFA379DB0645D59BF83C
:106540000000042835D1A3682146E279236223693B
:10655000DBF8100023F0FF0313436362E36CA362D4
:10656000FFF76AFE23680027DA6819F8010B002894
:106570003FF409AF40F25231009200F04BFC054667
:1065800008B31F28009A7FF6FEAE2F283FF4BFAE57
:106590005C283FF4BCAE7F2805D801460E4805F0C4
:1065A000BFFA009A78B9FF2F0DD022F817500137A3
:1065B000DBE7216B0BF14C03C1F308011944FFF732
:1065C00051FEA060CEE70620DAE60520D8E600BF3F
:1065D0004CC2000845C200083CC200081FB5CDE906
:1065E000001003A814460391FEF700FA002815DBFB
:1065F0000B4A52F820300BB100211970019B0BB1EE
:106600000021197042F820302CB1002201A96846FF
:10661000FEF7C8FE0446204604B010BD0B24FAE77E
:106620003C3600202DE9F04798B090460546019190
:10663000002800F0528102F03F0603A901A832466B
:10664000FEF7B0FE002840F04681039B4FF48C60BB
:10665000049303F0A7FA0746002800F04081039B4B
:1066600000F500720199D86004A81A61FFF702FED4
:10667000044620B99DF95B30002BB8BF062418F002
:106680001C0F00F0CD80002C4CD0042C40D104A86D
:10669000FFF724FC044600283AD146F00806039B85
:1066A0001A78042A40F08380186929462B60FFF786
:1066B000C3FD039B1E22002118690230FBF7F4FB87
:1066C000039C00211A2220692630FBF7EDFB236989
:1066D00020221A71246903F09FFA0146012208342E
:1066E0002046FEF72BF9039B04A81B6983F82120A1
:1066F000FFF764FA044658B9A96801B30246284670
:10670000FEF718FDAB68039A0446013B5361B4B130
:10671000384603F057FA0CB100232B60204618B01E
:10672000BDE8F0879DF8163013F0110F40F084801B
:1067300018F0040F40F0C98018F0080FAFD1039A89
:1067400031071399936C48BF46F04006E964AB6487
:106750001078042872D1069B9DF817102B62089BB5
:10676000106923F0FF030B4329466B62179BAB6252
:10677000FFF762FDDDF80CA00024002205F15008AF
:10678000BAF8063021464046C5F800A0AB80002389
:1067900085F8306085F831406C64C5E90E234FF40C
:1067A0000072FBF781FBB20653D40024B0E703F07C
:1067B00033FA0146009013980E30FEF7BFF8139895
:1067C00000991630FEF7BAF8039C13992078FFF76A
:1067D00049FD202300228046CB7220461399FEF704
:1067E000D1F8139B002201211A775A779A77DA772A
:1067F000039BD970B8F1000FA1D0414604A8D3F88B
:106800004890FEF797FC0446002881D1494603983A
:10681000FEF75CFA039B044608F1FF30586176E707
:10682000002C7FF475AF9DF81630DC064FD418F0BD
:10683000020F84D0D80782D5072469E7FFF712FD3D
:106840000023A86001F11C00FEF772F86B6128615B
:1068500090E7D5E9046956EA0903A6D0BAF80AA078
:10686000A9684FEA4A2AC5E90E69B24574EB0903E3
:106870001BD300242964002C7FF44AAFC6F308031D
:10688000002B92D0039C2046FEF770F808B3760ADE
:106890000123414646EAC95682196A64607802F0CB
:1068A000E5FC041E18BF012432E72846FEF7C6FAAD
:1068B000B6EB0A06014669F10009012803D9431C19
:1068C000D3D10124D6E70224D4E7082420E7042406
:1068D0001EE702241CE704461EE709241EE71124D4
:1068E0001CE700002DE9F04F994685B0002388464B
:1068F00003A90446C9F800301646FEF791F805468C
:1069000080BB94F831506DBB94F8303013F0010324
:10691000009300F0A68004F1500AD4E90432D4E9CF
:106920000E011B1A62EB0102B34272F1000238BF82
:106930001E46BEB1D4E90E10C1F30803002B40F08F
:106940008280039B5A894B0A013A43EAC0531A409A
:106950001BD151EA000309D1A06801280DD80225F6
:1069600084F83150284605B0BDE8F08F216C2046F0
:106970000192FEF763FA019AEFE7431C04D1012369
:10698000009D84F83130EDE72064DDF80CB0216C17
:106990005846FDF7EBFF0028E1D0B6F5007F02EB8B
:1069A000000731D3BBF80A1002EB5620730A884265
:1069B0009BF8010088BF8B1A3A464146019302F0CA
:1069C00055FC0028DBD194F93020019B002A0BDA1A
:1069D000606CC01B984207D24FF40072514608EB1E
:1069E0004020FBF73BFA019B5F02D9F80030F61B11
:1069F000B8443B44C9F80030D4E90E32DB1942F107
:106A00000002C4E90E3294E7626CBA421AD094F9DB
:106A10003030002B0DDA012351469BF8010002F0C3
:106A200049FC0028ABD194F8303003F07F0384F8A0
:106A30003030039801233A465146407802F016FC64
:106A400000289CD16764A16B4046C1F30801C1F5E1
:106A500000775144B74228BF37463A46FBF7FEF964
:106A6000C3E707257EE7000070B596B00E4600220A
:106A7000019002A901A8FEF795FC0446E0B94FF485
:106A80008C6003F08FF80546D8B1029B00F50072C8
:106A90000199D86002A81A61FFF7ECFB044640B9DF
:106AA0009DF95330002B0ADB1EB1314602A8FDF7D9
:106AB000EDFF284603F086F8204616B070BD062488
:106AC000F7E71124F8E7000070B5B8B00222019092
:106AD00003A901A8FEF766FC044608BB039B4FF41C
:106AE0008C60109303F05EF80546002866D0039B87
:106AF00000F500720199D86010A81A61FFF7BAFB7F
:106B0000044650B99DF88B30980655D4190653D4D5
:106B10009DF84630DA0706D50724284603F052F8D8
:106B2000204638B070BD039B04931878042814D114
:106B300004A91869FFF780FB069E9DF84630DB0626
:106B400010D410A8FEF776FF04460028E5D156BB06
:106B50000398FEF7DBFB0446DFE71F99FFF782FB94
:106B60000646EAE7039BDA69B242D5D024930021B6
:106B7000269624A81B78042B01BFDDE90823CDE964
:106B800028239DF817308DF89730FEF7EFF904466B
:106B90000028C2D124A8FFF741F804460028BBD042
:106BA0000428BAD1CDE70246314604A8FEF7C2FA5E
:106BB00004460028B1D1CBE70624AEE71124AFE7A5
:106BC000F0B5BDB0CDE900106846FDF70FFF022219
:106BD00003A901A8FEF7E6FB0446002841D1039B68
:106BE0004FF48C60149302F0DDFF0546002800F09E
:106BF000EE80039B00F5007214AE0199D8601A6113
:106C00003046FFF737FB044640BB9DF89B3013F03E
:106C1000A00F40F0D880039B009F1A78042A68D107
:106C20001B6904AC03F1400C1868083353F8041CCA
:106C30002246634503C21446F6D15022314628A8A5
:106C4000FBF70CF9394628A8FFF714FB0446002887
:106C50004CD12A9A169B9A4206D00824284602F064
:106C6000B1FF20463DB0F0BD349A209B9A42F4D14A
:106C700028A8FFF733F904460028EFD1039B04AF9F
:106C80001B6993F801E093F823C09C8C3A460833C3
:106C900003CAB24243F8080C43F8041C1746F5D166
:106CA000039B28A81B6983F801E0039B1A6982F8FB
:106CB00023C01A6982F82440240A82F825401A6900
:106CC0001379D9065CBF43F020031371FEF776FFFA
:106CD00004460028C2D13046FEF7ACFE0446002828
:106CE000BCD10398FEF712FB0446B7E70428B5D1E0
:106CF000BEE7239A04AB02F1200C1068083252F868
:106D0000041C1C46624503C42346F6D1502231467A
:106D100028A8FBF7A3F8394628A8FFF7ABFA0446E2
:106D200000284CD12A9A169B9A4296D1349A209BDD
:106D30009A4292D128A8FFF7D1F8044600288DD1B5
:106D400037990DF11D030DF12D0001F10D0253F8DE
:106D5000044B834242F8044BF9D118880127108074
:106D60009B7893709DF81B30039CDA0658BF43F064
:106D70002003CB72E770CB7ADB06ACD5169A2A9B40
:106D80009A42A8D02078FFF76DFA01462046FDF719
:106D9000EDFD0146C8B12046FDF798FF04460028E6
:106DA0007FF45CAF039890F86D302E2B93D12A9A24
:106DB00000F16C01FDF7E6FD039BDF708BE7042813
:106DC0007FF44CAFB6E7062448E7022446E71124D7
:106DD00047E700007F2810B501D880B210BDB0F59C
:106DE000803F13D240F2523399420FD1084900221A
:106DF00031F8024B93B2844203D103F18000C0B258
:106E0000ECE70132802AF3D11346F6E70020E5E7EC
:106E10008CC500087F280DD940F25233994208D121
:106E2000FF2806D800F10040034B803833F81000EB
:106E300070470020704700BF8CC50008B0F5803F48
:106E4000F0B522D21F4A83B21F49B0F5805F28BF38
:106E50000A46141D34F8042C2146AAB1934213D3D8
:106E600034F8025C2E0AEFB252FA85F5A84222DA13
:106E7000082E09D8DFE806F0050A10121416181AB1
:106E80001C00801A34F810301846F0BD981A00F033
:106E900001001B1A9BB2F7E7103BFBE7203BF9E729
:106EA000303BF7E71A3BF5E70833F3E7503BF1E7F0
:106EB000A3F5E353EEE70434002ECBD101EB4702F8
:106EC000C7E700BFDCC20008D0C4000808B5074B04
:106ED000074A196801F03D01996053680BB1906849
:106EE0009847BDE8084003F0A9B800BF0000024081
:106EF0004436002008B5084B1968890901F03D01A6
:106F00008A019A60054AD3680BB110699847BDE8B9
:106F1000084003F093B800BF000002404436002050
:106F200008B5084B1968090C01F03D010A049A6084
:106F3000054A53690BB190699847BDE8084003F0D2
:106F40007DB800BF000002404436002008B5084B61
:106F50001968890D01F03D018A059A60054AD369D7
:106F60000BB1106A9847BDE8084003F067B800BF4E
:106F7000000002404436002008B5074B074A596814
:106F800001F03D01D960536A0BB1906A9847BDE8A2
:106F9000084003F053B800BF000002404436002010
:106FA00008B5084B5968890901F03D018A01DA608A
:106FB000054AD36A0BB1106B9847BDE8084003F04F
:106FC0003DB800BF000002404436002008B5084B21
:106FD0005968090C01F03D010A04DA60054A536B57
:106FE0000BB1906B9847BDE8084003F027B800BF8D
:106FF000000002404436002008B5084B5968890D4E
:1070000001F03D018A05DA60054AD36B0BB1106CC3
:107010009847BDE8084003F011B800BF00000240E7
:107020004436002008B5074B074A196801F03D01B6
:107030009960536C0BB1906C9847BDE8084002F022
:10704000FDBF00BF000402404436002008B5084BD5
:107050001968890901F03D018A019A60054AD36CDB
:107060000BB1106D9847BDE8084002F0E7BF00BFC4
:10707000000402404436002008B5084B1968090C8A
:1070800001F03D010A049A60054A536D0BB1906D01
:107090009847BDE8084002F0D1BF00BF000402409D
:1070A0004436002008B5084B1968890D01F03D01F0
:1070B0008A059A60054AD36D0BB1106E9847BDE8FA
:1070C000084002F0BBBF00BF00040240443600206D
:1070D00008B5074B074A596801F03D01D960536E66
:1070E0000BB1906E9847BDE8084002F0A7BF00BF03
:1070F000000402404436002008B5084B596889094D
:1071000001F03D018A01DA60054AD36E0BB1106FC0
:107110009847BDE8084002F091BF00BF000402405C
:107120004436002008B5084B5968090C01F03D01B0
:107130000A04DA60054A536F0BB1906F9847BDE8B7
:10714000084002F07BBF00BF00040240443600202C
:1071500008B5084B5968890D01F03D018A05DA60D0
:10716000054AD36F13B1D2F880009847BDE80840B4
:1071700002F064BF000402404436002000230C49A2
:1071800010B51A460B4C0B6054F82300026001EB5B
:10719000430004334260402BF6D1074A4FF0FF33DF
:1071A0009360D360C2F80834C2F80C3410BD00BF3D
:1071B000443600208CC60008000002400F28F8B5B5
:1071C00010D9102810D0112811D0122808D10F245E
:1071D0000720DFF8C8E00126DEF80050A04208D9F9
:1071E000002653E00446F4E70F240020F1E70724CB
:1071F000FBE706FA00F73D424AD1264C4FEA001C55
:107200003D4304EB00160EEBC000CEF80050C0E981
:107210000123FBB273B12048D0F8D83043F001030A
:10722000C0F8D830D0F8003143F00103C0F8003185
:10723000D0F8003117F47F4F0ED01748D0F8D8306F
:1072400043F00203C0F8D830D0F8003143F0020315
:10725000C0F80031D0F8003154F80C00036823F076
:107260001F030360056815F00105FBD104EB0C0357
:107270003D2493F80CC05F6804FA0CF43C602124B0
:107280000560446112B1987B00F0CAFC3046F8BD3D
:107290000130A3E78CC600080044025844360020A1
:1072A00010B5302484F31188FFF788FF002383F39F
:1072B000118810BD10B50446807B00F0C7FC012387
:1072C0001549627B03FA02F20B6823EA0203DAB281
:1072D0000B6072B9114AD2F8D81021F00101C2F83E
:1072E000D810D2F8001121F00101C2F80011D2F833
:1072F000002113F47F4F0ED1084BD3F8D82022F091
:107300000202C3F8D820D3F8002122F00202C3F809
:107310000021D3F8003110BD44360020004402584B
:1073200008B5302383F31188FFF7C4FF002383F3EC
:10733000118808BD836CC26A8B42506810B506D9AB
:107340005A1E4C0002EB4103B3FBF4F3184410BD8A
:1073500001F001038A0748BF43F002034A0748BF10
:1073600043F008030A0748BF43F00403CA0648BFB6
:1073700043F010038A06426B48BF43F020031343D7
:107380004363704710B5074C204600F0CBFF064B17
:107390000022C4E91023054BA364054BE363054BAE
:1073A000E36410BDC83600200070005200B4C4046D
:1073B0001C3700201C390020C36A0BB9104BC36274
:1073C0000379012B11D10F4B98420ED10E4BD3F8FC
:1073D000D42042F48032C3F8D420D3F8FC2042F405
:1073E0008032C3F8FC20D3F8FC30436C00221A65CD
:1073F000DA621A605A605A624FF0FF329A6370473D
:107400008CC70008C8360020004402580379012BBD
:107410001BD0436C00221A65DA621A605A605A6205
:107420004FF0FF329A63094B98420ED1084BD3F8C4
:10743000D42022F48032C3F8D420D3F8FC2022F4E4
:107440008032C3F8FC20D3F8FC307047C8360020E7
:107450000044025810B5446C0649FFF76BFF6060AA
:10746000236842F2107043F003032360BDE810402C
:1074700001F05EBD801A06000129F8B5466C0B4F7D
:1074800009D175680A493D40FFF754FF054345F4AB
:1074900080557560F8BD746806493C40FFF74AFFA7
:1074A000044344F480547460F4E700BF00ECFFFF31
:1074B00080F0FA0240787D01436C00225A601A6025
:1074C00070470000426C0129536823F4404304D004
:1074D000022905D001B95360704743F48043FAE7AD
:1074E00043F40043F7E70000436C41F480519A6095
:1074F000D9605A6B1206FCD580229A63704700004F
:1075000010B541F48851446CA260E160616B11F0E8
:107510004502FBD0A26311F0040203D0FFF718FF6D
:10752000012010BD616910461960FAE710B541F4F9
:107530008851446CA260E160616B11F04502FBD0A0
:10754000A26311F0050203D0FFF702FF012010BD76
:10755000616910461960FAE773B5134604460E4692
:10756000302282F31188426CD26B32B14FF0FF317E
:107570004030019301F0E8FC019B606C0022026541
:10758000C263C262456B15F4807504D185F311881E
:10759000012002B070BD4FF0FF31816382F311888A
:1075A000012E06D90C21204602B0BDE87040FFF73D
:1075B000BDBF1046EDE7000073B5446C0E460025D4
:1075C0000192616BA1632565E562FFF7C1FE012EA3
:1075D00007D9019B2A460C2102B0BDE87040FFF795
:1075E000A5BF02B070BD000010B541F49851446CC5
:1075F000A260E160616B11F04502FBD0A26311F063
:107600003F0203D0FFF7A4FE012010BD216A1046FF
:107610001960E1695960A16999606169D960F4E70D
:107620002DE9F74304460191006D01A917469846DC
:1076300002F02CFC064600284AD0626C2046DDF899
:1076400004905568C5F3090501356B00A56CB5FBC1
:10765000F3F54FF47A73B5FBF3F55D43556200F033
:1076600027FE50BB636C4FF0FF3201254146C3F843
:10767000589020461D659A634FF49572DA6342F282
:1076800007029F62DA62E36C0A9AFFF74FFFA0B924
:10769000E26C104B11680B407BB929462046FFF77E
:1076A0005BFF054648B92E463A460199206D02F027
:1076B00025FC304603B0BDE8F0833A460199206DC1
:1076C00002F01CFCE26C01212046FFF775FFF0E799
:1076D0000126EEE708E0FFFD2DE9F7431F46436C66
:1076E00001924FF47A725D6804468846C5F3090535
:1076F00001356E00856CB5FBF6F5B5FBF2F555432B
:107700005D6200F0D5FD20B10125284603B0BDE83B
:10771000F0837E0201A9206D324602F0B7FB0546D8
:107720000028F1D0636C019AD4F84C909A6501223C
:107730001A654FF0FF329A634FF49572DA639E62D6
:10774000236BDB064B4658BF4FEA4828012F4246C1
:107750001BD912212046FFF7E9FEC0B9D9F8002055
:10776000104B13409BB9636C42F29302394620469A
:10777000DA62E26CFFF7F0FE804640B932460199CA
:10778000206D454602F0BAFBBFE71121E2E7324621
:107790000199206D02F0B2FBE26C39462046FFF7FA
:1077A0000BFFB2E708E0FFFD2DE9F3411F46436CF4
:1077B00001924FF47A725D6804468846C5F3090564
:1077C00001356E00856CB5FBF6F5B5FBF2F555435A
:1077D0005D6200F06DFD20B10125284602B0BDE8D4
:1077E000F0817E0201A9206D324602F095FB05462C
:1077F0000028F1D0636C019A9A6501221A654FF056
:10780000FF329A634FF48D72DA639E62236BE66CEB
:10781000DB06334658BF4FEA4828012F424619D9A4
:1078200019212046FFF782FEB0B932680F4B134092
:1078300093B9636C42F2910239462046DA62E26CF7
:10784000FFF78AFE064638B901993546206D02F0E9
:107850009FFBC2E71821E4E70199206D02F098FB35
:10786000E26C39462046FFF7A7FEB6E708E0FFFDC9
:1078700012F0030F2DE9F04107460C4615461E464F
:1078800017D00E44B44202D10020BDE8F08101239C
:10789000FA6B21463846FFF71FFF0028F5D128462E
:1078A0004FF40072F96B05F500750134FAF7D6FA5A
:1078B000E8E7BDE8F041FFF70FBF000012F0030F4B
:1078C0002DE9F04107460C4615461E4617D00E44DA
:1078D000B44202D10020BDE8F08129464FF4007285
:1078E000F86B05F50075FAF7B9FA0123FA6B214632
:1078F0003846FFF759FF0028EDD10134E8E7BDE82D
:10790000F041FFF751BF000000207047302310B551
:1079100083F311880024436C40302146DC6301F07E
:1079200021FB84F3118810BD026843681143016094
:1079300003B1184770470000024A136843F0C003C0
:107940001360704700440040024A136843F0C003CC
:107950001360704700480040024A136843F0C003B8
:107960001360704700780040064BD3F8E8200243CC
:10797000C3F8E820D3F810211043C3F81001D3F85E
:10798000103170470044025837B5274C274D204628
:1079900000F028FD04F11400009400234FF400725D
:1079A000234900F0C3F94FF40072224904F1380072
:1079B0000094214B00F03CFA204BC4E91735204CD1
:1079C000204600F00FFD04F11400009400234FF452
:1079D00000721C4900F0AAF94FF400721A4904F130
:1079E00038000094194B00F023FA194BC4E91735FD
:1079F000184C204600F0F6FC04F1140000234FF46C
:107A000000721549009400F091F9144B4FF4007284
:107A1000134904F13800009400F00AFA114BC4E94C
:107A2000173503B030BD00BF2039002000E1F50557
:107A3000643A002064400020397900080044004086
:107A40008C390020643C0020644200204979000801
:107A500000480040F8390020643E002059790008B1
:107A6000644400200078004038B5264D0446037C6D
:107A7000002918BF0D46012B06D1234B984230D167
:107A80004FF40030FFF770FF2A68236EE16D03EBBF
:107A90005203A566B3FBF2F36A68100442BF23F0F9
:107AA000070003F0070343EA4003CB60AB6843F0F1
:107AB00040034B60EB6843F001038B6042F4967324
:107AC00043F001030B604FF0FF330B62510505D506
:107AD00012F0102211D0B2F1805F10D084F864301F
:107AE00038BD0A4B984205D0094B9842CCD14FF093
:107AF0008040C7E74FF48020C4E77F23EEE73F23B1
:107B0000ECE700BF94C70008203900208C39002022
:107B1000F83900202DE9F047C66D05463768F4694D
:107B2000210734621AD014F0080118BF4FF4807195
:107B3000E20748BF41F02001A3074FF0300348BFE0
:107B400041F04001600748BF41F0800183F3118894
:107B5000281DFFF7E9FE002383F31188E2050AD50B
:107B6000302383F311884FF48061281DFFF7DCFE7A
:107B7000002383F311884FF030094FF0000A14F00E
:107B8000200838D13B0616D54FF0300905F1380AE8
:107B9000200610D589F31188504600F07DF90028A1
:107BA00036DA0821281DFFF7BFFE27F08003336077
:107BB000002383F31188790614D5620612D5302389
:107BC00083F31188D5E913239A4208D12B6C33B182
:107BD00027F040071021281DFFF7A6FE376000237D
:107BE00083F31188E30618D5AA6E1369ABB1506907
:107BF000BDE8F047184789F31188736A284695F85D
:107C00006410194000F008FC8AF31188F469B6E7A3
:107C1000B06288F31188F469BAE7BDE8F087000024
:107C2000090100F16043012203F56143C9B283F801
:107C3000001300F01F039A4043099B0003F16043C7
:107C400003F56143C3F880211A60704700F01F03F9
:107C500001229A40430900F160409B0000F5614019
:107C600003F1604303F56143C3F88020C3F880212A
:107C7000002380F800337047F8B515468268044643
:107C80000B46AA4200D28568A1692669761AB542D8
:107C90000BD218462A46FAF7E1F8A3692B44A361F0
:107CA0002846A3685B1BA360F8BD0CD9AF1B184620
:107CB0003246FAF7D3F83A46E1683044FAF7CEF89C
:107CC000E3683B44EBE718462A46FAF7C7F8E3684F
:107CD000E5E7000083689342F7B50446154600D2F5
:107CE0008568D4E90460361AB5420BD22A46FAF701
:107CF000B5F863692B4463612846A3685B1BA360E6
:107D000003B0F0BD0DD93246AF1B0191FAF7A6F8CA
:107D100001993A46E0683144FAF7A0F8E3683B4439
:107D2000E9E72A46FAF79AF8E368E4E710B50A4467
:107D30000024C361029B8460C16002610362C0E9E8
:107D40000000C0E9051110BD08B5D0E90532934225
:107D500001D1826882B98268013282605A1C426114
:107D600019700021D0E904329A4224BFC3684361EC
:107D700001F012F9002008BD4FF0FF30FBE70000D2
:107D800070B5302304460E4683F31188A568A5B16B
:107D9000A368A269013BA360531CA3611578226903
:107DA000934224BFE368A361E3690BB1204698477F
:107DB000002383F31188284607E03146204601F06E
:107DC000DBF80028E2DA85F3118870BD2DE9F74F62
:107DD00004460E4617469846D0F81C904FF0300ADD
:107DE0008AF311884FF0000B154665B12A463146DB
:107DF0002046FFF741FF034660B94146204601F0A7
:107E0000BBF80028F1D0002383F31188781B03B05E
:107E1000BDE8F08FB9F1000F03D001902046C847AC
:107E2000019B8BF31188ED1A1E448AF31188DCE75D
:107E3000C160C361009B82600362C0E90511114407
:107E4000C0E9000001617047F8B504460D461646CA
:107E5000302383F31188A768A7B1A368013BA3600F
:107E600063695A1C62611D70D4E904329A4224BFCE
:107E7000E3686361E3690BB120469847002080F313
:107E8000118807E03146204601F076F80028E2DA52
:107E900087F31188F8BD0000D0E9052310B59A4298
:107EA00001D182687AB982680021013282605A1C4D
:107EB00082611C7803699A4224BFC368836101F020
:107EC0006BF8204610BD4FF0FF30FBE72DE9F74F70
:107ED00004460E4617469846D0F81C904FF0300ADC
:107EE0008AF311884FF0000B154665B12A463146DA
:107EF0002046FFF7EFFE034660B94146204601F0F9
:107F00003BF80028F1D0002383F31188781B03B0DD
:107F1000BDE8F08FB9F1000F03D001902046C847AB
:107F2000019B8BF31188ED1A1E448AF31188DCE75C
:107F30000379052B05BF836A002001204B6004BF35
:107F40004FF400730B60704770B55D1E866A04467F
:107F50000D44B54205D9436B43F0800343630120D0
:107F600070BD06250571FFF783FC05232371F7E734
:107F700070B55D1E866A04460D44B54205D9436B53
:107F800043F080034363012070BD07250571FFF7AF
:107F900095FC05232371F7E738B505790446052DCF
:107FA00005D108230371FFF7AFFC257138BD01200F
:107FB000FCE700000323F0B5037185B00446FFF72A
:107FC00049FA002220461146FFF78EFA4FF4D57287
:107FD00003AB08212046FFF7A9FA0246B8B90123EE
:107FE0002363039BC3F30323012B09D103AB372185
:107FF0002046FFF79BFA18B9A44B039A1340ABB184
:1080000020460125FFF758FA0223237137E103AB1D
:10801000002237212046FFF789FA28B99B4A039BA3
:108020001A40002A00F0A78002232363236B03F089
:108030000F03022B40F0A9806425954E42F2107088
:1080400000F076FF03AB324601212046FFF758FAD5
:108050000028D5D1039B002B80F293805A0003D5D2
:10806000236B43F010032363002204F10803022171
:108070002046FFF7B9FA02460028C1D104F13803BF
:1080800003212046FFF752FA0028B9D104F1180560
:10809000A26B092120462B46FFF7A6FA0028AFD194
:1080A00002ABA26B07212046FFF740FA06460028E4
:1080B000A6D1236B03F00F03022B40F08F807E22AA
:1080C0007F21284603F028FA012840F28780E76BD9
:1080D00042F2107000F02CFF08234FF40072394672
:1080E00020460096FFF79CFA002889D1384603F015
:1080F00061FA236BA06203F00F03022B72D103AB72
:10810000644A06212046FFF711FA002871D15F4921
:10811000039B1940B1FA81F149092046FFF7ACF9F8
:1081200002AB4FF4007210212046FFF7FFF905461D
:1081300000287FF465AF554E029B33427FF460AF59
:10814000236B13F00E0F03F00F0273D0022A7FF49B
:1081500057AFE36A1978012900F09480022900F0F2
:108160009380002900F089804B4F2046FFF7AAF941
:1081700003AB3A4676E0114620462263FFF7B4F996
:1081800054E7013D7FF45AAF3AE7444D6426444A30
:108190003E4F012B18BF154603AB00223721204666
:1081A000FFF7C4F900287FF42BAF039B3B427FF419
:1081B00027AF03AB2A4629212046FFF7A1F9002863
:1081C0007FF41EAF039B002BFFF648AF013E3FF448
:1081D00017AF42F2107000F0ABFEDDE7284603F067
:1081E000BDF986E77E227F212846E66B03F094F9ED
:1081F00008B9002191E70023402231462046009330
:108200000623FFF70DFA0028F3D1B3895BBA9B0769
:10821000EFD5244B40223146204600930623FFF73A
:10822000FFF90028E5D1317C01F00F010F3918BFAB
:10823000012172E7E36A1978F9B101297FF4E0AE10
:108240002046FFF73FF903ABA26B37212046FFF72B
:108250006DF900287FF4D4AE039B33427FF4D0AE97
:1082600003AB022206212046FFF760F900287FF4C5
:10827000C7AE039B33427FF4C3AE05232371284668
:1082800005B0F0BD084F70E7084F6EE708E0FFFD4E
:108290000080FFC00001B9030000B7030080FF5059
:1082A00000001080F1FFFF800001B7030002B70358
:1082B00037B504460C4D01ABA26B0D212046FFF7EC
:1082C00035F978B9019B2B420BD1C3F34323042B1F
:1082D00008D0053B022B04D84FF47A7000F028FE3A
:1082E000E9E7012003B030BD08E0FFFD70B53023A1
:1082F000054683F3118803790024022B03D184F30C
:108300001188204670BD0423037184F3118802266E
:10831000FFF7CEFF04462846FFF7CEF82E71F0E7B0
:10832000FFF730B8044B036001230371002343635C
:10833000C0E90A33704700BFACC7000810B530234E
:10834000044683F31188C162FFF736F80223002048
:10835000237180F3118810BD10B53023044683F3D8
:108360001188FFF753F800230122E362227183F39F
:10837000118810BD026843681143016003B11847BA
:10838000704700001430FFF721BD00004FF0FF33AD
:108390001430FFF71BBD00003830FFF797BD000019
:1083A0004FF0FF333830FFF791BD00001430FFF776
:1083B000E7BC00004FF0FF311430FFF7E1BC0000D4
:1083C0003830FFF741BD00004FF0FF323830FFF783
:1083D0003BBD0000012914BF6FF01300002070475F
:1083E000FFF7D2BA044B036000234360C0E90233B5
:1083F00001230374704700BFD0C7000810B53023B5
:10840000044683F31188FFF72FFB02230020237417
:1084100080F3118810BD000038B5C36904460D46CD
:108420001BB904210844FFF7A5FF294604F11400F5
:10843000FFF78AFC002806DA201D4FF40061BDE832
:108440003840FFF797BF38BD0268436811430160A9
:1084500003B118477047000013B5406B00F5805416
:10846000D4F8A4381A681178042914D1017C02299F
:1084700011D11979012312898B4013420BD101A923
:108480004C3002F077FFD4F8A4480246019B2179D2
:10849000206800F0DFF902B010BD0000143002F0D7
:1084A000F9BE00004FF0FF33143002F0F3BE0000BD
:1084B0004C3002F0CBBF00004FF0FF334C3002F0E5
:1084C000C5BF0000143002F0C7BE00004FF0FF31FE
:1084D000143002F0C1BE00004C3002F097BF000023
:1084E0004FF0FF324C3002F091BF00000020704787
:1084F00010B500F58054D4F8A4381A68117804290E
:1085000017D1017C022914D15979012352898B405A
:1085100013420ED1143002F059FE024648B1D4F88D
:10852000A4484FF4407361792068BDE8104000F022
:108530007FB910BD406BFFF7DBBF00007047000044
:108540007FB5124B01250426044603600023057401
:1085500000F1840243602946C0E902330C4B0290CB
:10856000143001934FF44073009602F00BFE094B58
:1085700004F69442294604F14C000294CDE90063CC
:108580004FF4407302F0D2FE04B070BDF8C700088B
:1085900035850008598400080A68302383F3118860
:1085A0000B790B3342F823004B79133342F8230045
:1085B0008B7913B10B3342F8230000F58053C3F8D5
:1085C000A41802230374002080F311887047000070
:1085D00038B5037F044613B190F85430ABB9012588
:1085E000201D0221FFF730FF04F114006FF001019C
:1085F000257700F0DDFC04F14C0084F854506FF056
:108600000101BDE8384000F0D3BC38BD10B50121F0
:1086100004460430FFF718FF0023237784F8543012
:1086200010BD000038B504460025143002F0C2FD2C
:1086300004F14C00257702F091FE201D84F854507F
:108640000121FFF701FF2046BDE83840FFF750BF8A
:1086500090F8803003F06003202B06D190F8812041
:108660000023212A03D81F2A06D800207047222A77
:10867000FBD1C0E91D3303E0034A4267072282674A
:10868000C3670120704700BF4422002037B500F5C2
:108690008055D5F8A4381A68117804291AD1017CBC
:1086A000022917D11979012312898B40134211D164
:1086B00000F14C04204602F011FF58B101A92046F8
:1086C00002F058FED5F8A4480246019B21792068A3
:1086D00000F0C0F803B030BD01F10B03F0B550F865
:1086E000236085B004460D46FEB1302383F3118824
:1086F00004EB8507301D0821FFF7A6FEFB6806F195
:108700004C005B691B681BB1019002F041FE0198AF
:1087100003A902F02FFE024648B1039B29462046DA
:1087200000F098F8002383F3118805B0F0BDFB68D2
:108730005A691268002AF5D01B8A013B1340F1D117
:1087400004F18002EAE70000133138B550F8214007
:10875000ECB1302383F3118804F58053D3F8A428B7
:108760001368527903EB8203DB689B695D6845B14E
:1087700004216018FFF768FE294604F1140002F096
:108780002FFD2046FFF7B4FE002383F3118838BD88
:108790007047000001F050BD01234022002110B5B8
:1087A000044600F8303BF9F77FFB0023C4E90133AE
:1087B00010BD000010B53023044683F31188242235
:1087C000416000210C30F9F76FFB204601F056FDA7
:1087D00002230020237080F3118810BD70B500EBD8
:1087E0008103054650690E461446DA6018B110221E
:1087F0000021F9F759FBA06918B110220021F9F7FF
:1088000053FB31462846BDE8704001F03DBE0000F4
:1088100083682022002103F0011310B50446836011
:108820001030F9F741FB2046BDE8104001F0B8BE1A
:10883000F0B4012500EB810447898D40E4683D4395
:10884000A469458123600023A2606360F0BC01F04D
:10885000D5BE0000F0B4012500EB810407898D40EE
:10886000E4683D436469058123600023A26063607E
:10887000F0BC01F04BBF000070B502230025044698
:10888000242203702946C0F888500C3040F8045C5C
:10889000F9F70AFB204684F8705001F089FD6368FF
:1088A0001B6823B129462046BDE87040184770BDBB
:1088B0000378052B10B504460AD080F88C300523C8
:1088C000037043681B680BB1042198470023A36021
:1088D00010BD00000178052906D190F88C2043686E
:1088E00002701B6803B118477047000070B590F81C
:1088F0007030044613B1002380F8703004F1800218
:10890000204601F071FE63689B68B3B994F880302B
:1089100013F0600535D00021204602F063F90021F4
:10892000204602F053F963681B6813B10621204604
:108930009847062384F8703070BD20469847002879
:10894000E4D0B4F88630A26F9A4288BFA36794F946
:108950008030A56F002B4FF0300380F20381002D93
:1089600000F0F280092284F8702083F3118800213E
:108970002046D4E91D23FFF76DFF002383F3118800
:10898000DAE794F8812003F07F0343EA022340F200
:108990000232934200F0C58021D8B3F5807F48D0E1
:1089A0000DD8012B3FD0022B00F09380002BB2D1C9
:1089B00004F1880262670222A267E367C1E7B3F5A8
:1089C000817F00F09B80B3F5407FA4D194F8823082
:1089D000012BA0D1B4F8883043F0020332E0B3F5A4
:1089E000006F4DD017D8B3F5A06F31D0A3F5C06399
:1089F000012B90D86368204694F882205E6894F832
:108A00008310B4F88430B047002884D0436863678B
:108A10000368A3671AE0B3F5106F36D040F6024240
:108A200093427FF478AF5C4B63670223A367002314
:108A3000C3E794F88230012B7FF46DAFB4F888302F
:108A400023F00203A4F88830C4E91D55E56778E7F0
:108A5000B4F88030B3F5A06F0ED194F88230204680
:108A600084F88A3001F002FD63681B6813B10121AC
:108A700020469847032323700023C4E91D339CE755
:108A800004F18B0363670123C3E72378042B10D120
:108A9000302383F311882046FFF7BAFE85F311884F
:108AA0000321636884F88B5021701B680BB120464A
:108AB000984794F88230002BDED084F88B30042362
:108AC000237063681B68002BD6D00221204698478C
:108AD000D2E794F8843020461D0603F00F010AD532
:108AE00001F074FD012804D002287FF414AF2B4B51
:108AF0009AE72B4B98E701F05BFDF3E794F882309F
:108B0000002B7FF408AF94F8843013F00F01B3D03A
:108B10001A06204602D502F07DF8ADE702F06EF8A5
:108B2000AAE794F88230002B7FF4F5AE94F88430F5
:108B300013F00F01A0D01B06204602D502F052F818
:108B40009AE702F043F897E7142284F8702083F341
:108B500011882B462A4629462046FFF769FE85F3F1
:108B60001188E9E65DB1152284F8702083F311883D
:108B700000212046D4E91D23FFF75AFEFDE60B2213
:108B800084F8702083F311882B462A462946204614
:108B9000FFF760FEE3E700BF28C8000820C8000810
:108BA00024C8000838B590F870300446002B3ED039
:108BB000063BDAB20F2A34D80F2B32D8DFE803F0A5
:108BC00037313108223231313131313131313737BA
:108BD000856FB0F886309D4214D2C3681B8AB5FBFE
:108BE000F3F203FB12556DB9302383F311882B4642
:108BF0002A462946FFF72EFE85F311880A2384F8BA
:108C000070300EE0142384F87030302383F3118821
:108C1000002320461A461946FFF70AFE002383F375
:108C2000118838BDC36F03B198470023E7E70021DF
:108C3000204601F0D7FF0021204601F0C7FF6368FE
:108C40001B6813B10621204698470623D7E700008A
:108C500010B590F870300446142B29D017D8062B85
:108C600005D001D81BB110BD093B022BFBD8002158
:108C7000204601F0B7FF0021204601F0A7FF6368FE
:108C80001B6813B1062120469847062319E0152BCF
:108C9000E9D10B2380F87030302383F3118800234F
:108CA0001A461946FFF7D6FD002383F31188DAE749
:108CB000C3689B695B68002BD5D1C36F03B198472C
:108CC000002384F87030CEE70023826880F82430D7
:108CD00083691B6899689142FBD25A6803604260BD
:108CE00010605860704700000023826880F82430CC
:108CF00083691B6899689142FBD85A680360426097
:108D0000106058607047000008B50846302383F3B0
:108D1000118891F82430032B05D0042B0DD02BB9EA
:108D200083F3118808BD8B6A00221A604FF0FF336D
:108D30008362FFF7C9FF0023F2E7D1E90032136035
:108D40005A60F3E7034610B51B68984203D09C684D
:108D50008A689442F8D25A680B604A601160596080
:108D600010BD0000FFF7B0BF064BD96881F82400A2
:108D70001868026853601A600122D86080F82420C5
:108D8000F7F7E4BB684600200C4B30B5DD684B1CA0
:108D900087B004460FD02B46094A684600F09CF97C
:108DA0002046FFF7E1FF009B13B1684600F09EF9F3
:108DB000A86A07B030BDFFF7D7FFF9E76846002083
:108DC000098D0008044B1A68DB6890689B6898421C
:108DD00094BF00200120704768460020094B10B561
:108DE0001C68D868226853601A600122DC6084F82D
:108DF0002420FFF779FF01462046BDE81040F7F731
:108E0000A5BB00BF68460020044B1A68DB68926867
:108E10009B689A4201D9FFF7E1BF7047684600207E
:108E200038B50123084C00252370656002F0F0FB83
:108E300002F016FC0549064802F0ECFC0223237000
:108E400085F3118838BD00BF1049002030C80008E4
:108E50006846002000F080B9034A516853685B1AE5
:108E60009842FBD8704700BF001000E08B604B6356
:108E70000023CA6100F128020B6302230A618B847C
:108E80000123886181F8263001F11003C26A4A612A
:108E90001360C36201F12C030846CB6270470000E7
:108EA000D0E90131026841F8183CA1F19C0338393E
:108EB000CB60036941F8243C436941F8203C034BF3
:108EC00041F8043CC3680248FFF7D0BF65050008BD
:108ED0006846002008B5FFF7E3FFBDE80840FFF74C
:108EE00041BF000038B50E4BDC6804F12C05A062D0
:108EF000E06AA8420FD194F826303BB994F82530A7
:108F00009B0702BFD4E9043213605A600F20BDE80A
:108F10003840FFF729BF0368E362FFF723FFE7E765
:108F200068460020302383F31188FFF7DBBF000081
:108F300008B50146302383F311880820FFF724FF8A
:108F4000002383F3118808BD054BDB6821B1036062
:108F500098620320FFF718BF4FF0FF30704700BF43
:108F60006846002003682BB100220260184699620F
:108F7000FFF7F8BE70470000064BDB6839B1426866
:108F800018605A60136043600420FFF7FDBE4FF085
:108F9000FF307047684600200368984206D01A6880
:108FA0000260506018469962FFF7DCBE704700000F
:108FB00038B504460D462068844200D138BD0368A8
:108FC00023605C608562FFF7CDFEF4E7036810B5AF
:108FD0009C68A2420CD85C688A600B604C6021607F
:108FE000596099688A1A9A604FF0FF33836010BD08
:108FF000121B1B68ECE700000A2938BF0A2170B574
:1090000004460D460A26601902F0FCFA02F0E4FA62
:10901000041BA54203D8751C04462E46F3E70A2E0E
:1090200004D90120BDE8704002F0BCBC70BD000056
:10903000F8B5144B0D460A2A4FF00A07D96103F11F
:109040001001826038BF0A2241601969144601602C
:1090500048601861A81802F0C5FA02F0BDFA431B77
:109060000646A34206D37C1C28192746354602F043
:10907000C9FAF2E70A2F04D90120BDE8F84002F04E
:1090800091BCF8BD68460020F8B506460D4602F0D2
:10909000A3FA0F4A134653F8107F9F4206D12A467F
:1090A00001463046BDE8F840FFF7C2BFD169BB6852
:1090B000441A2C1928BF2C46A34202D92946FFF78F
:1090C0009BFF224631460348BDE8F840FFF77EBFCC
:1090D0006846002078460020C0E90323002310B42E
:1090E0005DF8044B4361FFF7CFBF000010B5194C8A
:1090F000236998420DD08168D0E9003213605A602C
:109100009A680A449A60002303604FF0FF33A3611A
:1091100010BD0268234643F8102F536000220260FE
:1091200022699A4203D1BDE8104002F065BA936803
:1091300081680B44936002F04FFA2269E1699268FA
:10914000441AA242E4D91144BDE81040091AFFF7BD
:1091500053BF00BF684600202DE9F047DFF8BC8010
:1091600008F110072C4ED8F8105002F035FAD8F854
:109170001C40AA68031B9A423ED814444FF00009D1
:10918000D5E90032C8F81C4013605A60C5F8009059
:10919000D8F81030B34201D102F02EFA89F31188C9
:1091A000D5E9033128469847302383F311886B694A
:1091B000002BD8D002F010FA6A69A0EB04098246AD
:1091C0004A450DD2022002F0EDFB0022D8F8103003
:1091D000B34208D151462846BDE8F047FFF728BF03
:1091E000121A2244F2E712EB09092946384638BF21
:1091F0004A46FFF7EBFEB5E7D8F81030B34208D087
:109200001444C8F81C00211AA960BDE8F047FFF714
:10921000F3BEBDE8F08700BF784600206846002016
:1092200038B502F0D9F9054AD2E90845031B1819E7
:1092300045F10001C2E9080138BD00BF68460020C1
:1092400010B560B9074804790368053C9B6818BFEE
:109250000124984708B144F00404204610BD0124BD
:10926000FBE700BFC8360020FFF7EABF2DE9F04753
:10927000884617469A460446B0B90D4E3579052DF5
:1092800005D003240DE0013D15F0FF050ED0326836
:10929000534639463046D2F814904246C847002813
:1092A000F1D12046BDE8F0870424FAE70124F8E76D
:1092B000C83600202DE9F047884617469A460446EE
:1092C000B0B90D4E3579052D05D003240DE0013DD3
:1092D00015F0FF050ED03268534639463046D2F8B5
:1092E00018904246C8470028F1D12046BDE8F087D3
:1092F0000424FAE70124F8E7C836002037B50C4605
:10930000154670B951B101290BD107486946036868
:109310001B6A984710B9019B04462B60204603B096
:1093200030BD0424FAE700BFC83600200020704793
:10933000FEE70000704700004FF0FF30704700006C
:109340004B6843608B688360CB68C3600B69436183
:109350004B6903628B6943620B68036070470000CE
:1093600008B53C4B40F2FF713B48D3F888200A43D4
:10937000C3F88820D3F8882022F4FF6222F0070285
:10938000C3F88820D3F88820D3F8E0200A43C3F834
:10939000E020D3F808210A43C3F808212F4AD3F864
:1093A00008311146FFF7CCFF00F5806002F11C0187
:1093B000FFF7C6FF00F5806002F13801FFF7C0FF3C
:1093C00000F5806002F15401FFF7BAFF00F58060FC
:1093D00002F17001FFF7B4FF00F5806002F18C012B
:1093E000FFF7AEFF00F5806002F1A801FFF7A8FFCC
:1093F00000F5806002F1C401FFF7A2FF00F5806074
:1094000002F1E001FFF79CFF00F5806002F1FC0132
:10941000FFF796FF02F58C7100F58060FFF790FF73
:1094200001F090FC0E4BD3F8902242F00102C3F8F9
:109430009022D3F8942242F00102C3F8942205222C
:10944000C3F898204FF06052C3F89C20054AC3F837
:10945000A02008BD004402580000025844C800087B
:1094600000ED00E01F00080308B501F077FEFFF7EC
:10947000D7FC104BD3F8DC2042F04002C3F8DC20CC
:10948000D3F8042122F04002C3F80421D3F80431B8
:10949000094B1A6842F008021A601A6842F0040286
:1094A0001A6000F07DFD00F041FBBDE8084000F0CF
:1094B000B5B800BF004402580018024801207047A8
:1094C000002070477047000002290CD0032904D007
:1094D0000129074818BF00207047032A05D805480E
:1094E00000EBC2007047044870470020704700BF7F
:1094F00050CA00085422002004CA000870B59AB06F
:1095000005460846144601A900F0C2F801A8F8F77C
:10951000C3FC431C0022C6B25B001046C5E9003400
:1095200023700323023404F8013C01ABD1B20234AE
:109530008E4201D81AB070BD13F8011B013204F835
:10954000010C04F8021CF1E708B5302383F31188FD
:109550000348FFF79BF8002383F3118808BD00BF81
:109560001849002090F8803003F01F02012A07D12B
:1095700090F881200B2A03D10023C0E91D3315E0A8
:1095800003F06003202B08D1B0F884302BB990F899
:109590008120212A03D81F2A04D8FFF759B8222A8C
:1095A000EBD0FAE7034A426707228267C3670120CC
:1095B000704700BF4B22002007B5052917D8DFE808
:1095C00001F0191603191920302383F31188104A6A
:1095D00001210190FFF702F9019802210D4AFFF7DE
:1095E000FDF80D48FFF71EF8002383F3118803B040
:1095F0005DF804FB302383F311880748FEF7E8FF8A
:10960000F2E7302383F311880348FEF7FFFFEBE70F
:10961000A4C90008C8C900081849002038B50C4D75
:109620000C4C2A460C4904F10800FFF767FF05F1CE
:10963000CA0204F110000949FFF760FF05F5CA727C
:1096400004F118000649BDE83840FFF757BF00BFD6
:10965000F06100205422002078C9000885C9000864
:109660009BC9000870B5044608460D46F8F714FC7F
:10967000C6B22046013403780BB9184670BD324695
:109680002946F8F7F5FB0028F3D10120F6E70000A2
:109690002DE9F04705460C46F8F7FEFB2C49C6B20B
:1096A0002846FFF7DFFF08B10836F6B229492846F9
:1096B000FFF7D8FF08B11036F6B2632E0BD8DFF8EB
:1096C0009080DFF89090244FDFF898A02E7846B96C
:1096D0002670BDE8F08729462046BDE8F04702F035
:1096E0002DBA252E30D1072241462846F8F7C0FB77
:1096F00080B91A4B224603F10C0153F8040B8B423C
:1097000042F8040BF9D1198807359B780F34118082
:109710009370DBE7082249462846F8F7A9FB98B979
:10972000A21C0F4B197802320909C95D02F8041C0A
:1097300013F8011B01F00F015345C95D02F8031C2A
:10974000F0D118340835C1E7013504F8016BBDE7E5
:1097500070CA00089BC9000888CA000878CA0008B7
:1097600000E8F11F0CE8F11FBFF34F8F044B1A699B
:109770005107FCD1D3F810215207F8D1704700BF30
:109780000020005208B50D4B1B78ABB9FFF7ECFF7A
:109790000B4BDA68D10704D50A4A5A6002F18832C5
:1097A0005A60D3F80C21D20706D5064AC3F8042123
:1097B00002F18832C3F8042108BD00BF4E640020C6
:1097C000002000522301674508B5114B1B78F3B9FF
:1097D000104B1A69510703D5DA6842F04002DA608B
:1097E000D3F81021520705D5D3F80C2142F04002DE
:1097F000C3F80C21FFF7B8FF064BDA6842F001020C
:10980000DA60D3F80C2142F00102C3F80C2108BD44
:109810004E640020002000520F289ABF00F580609F
:1098200040040020704700004FF4003070470000F3
:10983000102070470F2808B50BD8FFF7EDFF00F593
:1098400000330268013204D104308342F9D101208F
:1098500008BD0020FCE700000F2838B505463FD8BA
:10986000FFF782FF1F4CFFF78DFF4FF0FF330728F4
:109870006361C4F814311DD82361FFF775FF03023B
:1098800043F02403E360E36843F08003E36023696B
:109890005A07FCD42846FFF767FFFFF7BDFF4FF4D8
:1098A000003100F0B7FA2846FFF78EFFBDE83840D8
:1098B000FFF7C0BFC4F81031FFF756FFA0F108034F
:1098C0001B0243F02403C4F80C31D4F80C3143F0EC
:1098D0008003C4F80C31D4F810315B07FBD4D9E70E
:1098E000002038BD002000522DE9F84F04460D46F7
:1098F000104644EA0203DE0602D00020BDE8F88FDD
:1099000020F01F00DFF8D4B0DFF8D4A0FFF73AFF53
:1099100005EB0008454503D10120FFF755FFEDE7B2
:1099200020222946204602F0AFF810B92034203515
:10993000F0E7234604F120021F68791CDDD10433CF
:109940009342F9D104F178432048214EB3F5801FAA
:10995000204B38BF184603F1F80332BFD946D14631
:109960001E46FFF701FF0760A4EB050C336805F105
:109970001C0143F0020333602B1FD9F8007017F06D
:109980000507FAD153F8042F8B424CF80320F4D189
:10999000BFF34F8FFFF7E8FE4FF0FF3303603368EC
:1099A00023F002033360BFF34F8F0B4BC3F85C42CD
:1099B000BFF34F8FBFF36F8F20222946204602F05E
:1099C00063F80028B2D03846A7E700BF1421005240
:1099D0000C2000521420005200ED00E01020005234
:1099E0001021005210B5084C237828B11BB9FFF79D
:1099F000C9FE0123237010BD002BFCD02070BDE8F0
:109A00001040FFF7E1BE00BF4E6400202DE9F04F8B
:109A10000D4685B0814658B111F00D0614BF2022C5
:109A2000082211F00803019304D0431E034269D0B9
:109A3000002435E0002E37D009F11F0121F01F0965
:109A40004FF00108314F05F00403DFF8CCA005EA20
:109A5000080BBBF1000F32D07869C0072FD408F192
:109A600001080C37B8F1060FF3D19EB9284D4946CD
:109A7000A819019201F016FE0446002839D12036BB
:109A8000019AA02EF3D1494601F00CFE04460028AD
:109A90002FD1019A49461F4801F004FE044660BBDD
:109AA000204605B0BDE8F08F0029C9D101462846FF
:109AB000029201F0F7FD0446D8B9029AC0E713B14B
:109AC00078694107CBD5AC0702D578698007C6D540
:109AD000019911B178690107C1D549460AEB4810CF
:109AE000CDE9022301F0DEFD0446DDE90223002872
:109AF000B5D04A460021204601E04A460021F8F749
:109B0000D3F9CDE70246002E96D199E79CCA00080A
:109B10009064002050640020706400200021FFF752
:109B200075BF00000121FFF771BF000070B5144D33
:109B30000124144E40F2FF3200210120F8F7B4F95D
:109B400006EB441001342A6955F80C1F01F096FD0C
:109B5000062CF5D137254FF4C0542046FFF7E2FF1D
:109B6000014628B122460848BDE8704001F086BD94
:109B7000C4EBC404013D4FEAD404EED170BD00BF74
:109B80009CCA000870640020506400200421FFF784
:109B90003DBF00004843FFF7C1BF000008B101F01E
:109BA000F3BD7047B0F5805F10B5044607D8FFF7E6
:109BB000EDFF28B92046BDE81040FFF7AFBF0020F9
:109BC00010BD0000FFF7EABF70B5AAB140EA01037B
:109BD00013F01F030FD1094C0144A5686D0706D58A
:109BE0002568A84203D366683544A94204D90333E3
:109BF0000C34122BF1D10022104670BD9CCA000813
:109C000008B501F0D7FE034AD2E90032C01842EB92
:109C1000010108BD30650020434BD3E900232DE945
:109C2000F34113437CD0FFF7EBFF404A00230027AA
:109C3000F6F7A6FC06460D463D4A0023F6F7A0FCC3
:109C40000023144630462946394AF6F799FC4FF46A
:109C500061613C23ADF80170B4FBF1F5B4FBF3F6A0
:109C600001FB154103FB16464624B1FBF3F1314BD2
:109C7000F6B28DF8004098423CD84FF0640C4FF497
:109C8000C87EA30704F26C7225D1B2FBFCF30CFB77
:109C9000132313BBB2FBFEF30EFB1322B2FA82F3C3
:109CA0005B0903F26D18621C8045D2B217D90FB15F
:109CB0008DF800400022204C4FF00C0C17460CFB96
:109CC0000343D4B2013213F804C084450CD8A0EB8E
:109CD0000C000127F5E70023E3E70123E1E7A0EB10
:109CE000080014460127CCE70FB18DF80140431C52
:109CF0008DF802309DF80100431C9DF8000050389B
:109D0000400640EA43509DF8023040EA034040EAF2
:109D1000560040EAC52040EA411002B0BDE8F0819B
:109D20004FF40410F9E700BF3065002040420F00F7
:109D30008051010090230B00E4CA00080244074B45
:109D4000D2B210B5904200D110BD441C00B253F8FD
:109D5000200041F8040BE0B2F4E700BF5040005887
:109D60000E4B30B51C6F240405D41C6F1C671C6F90
:109D700044F400441C670A4C02442368D2B243F402
:109D800080732360074B904200D130BD441C51F8D2
:109D9000045B00B243F82050E0B2F4E700440258FC
:109DA000004802585040005807B5012201A9002080
:109DB000FFF7C4FF019803B05DF804FB13B5044638
:109DC000FFF7F2FFA04205D0012201A90020019473
:109DD000FFF7C6FF02B010BD10B56424013C4FF47C
:109DE0007A70FFF7A5F814F0FF04F7D1084B4FF095
:109DF000807214249A6103F5805308229A61013C11
:109E00004FF47A70FFF794F814F0FF04F7D110BD07
:109E1000000002580144BFF34F8F064B884204D321
:109E2000BFF34F8FBFF36F8F7047C3F85C022030D2
:109E3000F4E700BF00ED00E00144BFF34F8F064B95
:109E4000884204D3BFF34F8FBFF36F8F7047C3F8BF
:109E500070022030F4E700BF00ED00E070B5054669
:109E600016460C4601201021FFF794FE2860467329
:109E70003CB1204636B1FFF789FE2B68186000B16F
:109E80009C6070BDFFF74EFEF7E70000F8B50F4687
:109E90001546044648B905F11F010126386821F02E
:109EA0001F01FFF7B7FF3046F8BD427B29463868EF
:109EB000FFF78AFE06460028EDD13B686360A36881
:109EC000AB4210D213B12068FFF768FE637B2846CF
:109ED0002BB1FFF75BFE206020B9A060E3E7FFF73E
:109EE00021FEF8E7A560206805F11F01012621F099
:109EF0001F013860FFF78EFF2673D4E710B50446C4
:109F000040B10068884205D1606808B1F7F7A6FF44
:109F10000023237310BD0000F8B50F461446054614
:109F200048B904F11F010126386821F01F01FFF72D
:109F300083FF3046F8BD427B21463868FFF744FE78
:109F400006460028EDD1AB68A34210D213B12868B1
:109F5000FFF724FE6B7B20462BB1FFF717FE28602E
:109F600020B9A860E5E7FFF7DDFDF8E7AC603968E8
:109F700019B122462868F7F771FF286804F11F011C
:109F8000012621F01F013860FFF756FF2E73D0E73E
:109F900020B103688B4204BF0023037370470000A5
:109FA000034B1A681AB9034AD2F8D0241A607047D2
:109FB000386500200040025808B5FFF7F1FF024B5A
:109FC0001868C0F3806008BD38650020EFF309838E
:109FD000054968334A6B22F001024A6383F309881A
:109FE000002383F31188704700EF00E0302080F3F6
:109FF000118862B60D4B0E4AD96821F4E06109045C
:10A00000090C0A430B49DA60D3F8FC2042F0807255
:10A01000C3F8FC20084AC2F8B01F116841F00101E2
:10A0200011602022DA7783F82200704700ED00E00B
:10A030000003FA0555CEACC5001000E0302310B582
:10A0400083F311880E4B5B6813F4006314D0F1EEB8
:10A05000103AEFF309844FF08073683CE361094BD9
:10A06000DB6B236684F30988FEF7ACFE10B1064B68
:10A07000A36110BD054BFBE783F31188F9E700BF2F
:10A0800000ED00E000EF00E0770500087A05000829
:10A0900070B5BFF34F8FBFF36F8F1A4A0021C2F81C
:10A0A0005012BFF34F8FBFF36F8F536943F40033E8
:10A0B0005361BFF34F8FBFF36F8FC2F88410BFF3AC
:10A0C0004F8FD2F8803043F6E074C3F3C900C3F376
:10A0D0004E335B0103EA0406014646EA8175013905
:10A0E000C2F86052F9D2203B13F1200FF2D1BFF336
:10A0F0004F8F536943F480335361BFF34F8FBFF3E6
:10A100006F8F70BD00ED00E0FEE70000214B22489C
:10A11000224A70B5904237D3214BC11EDA1C121A65
:10A1200022F003028B4238BF00220021F7F7BCFE69
:10A130001C4A0023C2F88430BFF34F8FD2F880301E
:10A1400043F6E074C3F3C900C3F34E335B0103EA83
:10A150000406014646EA81750139C2F86C52F9D20B
:10A16000203B13F1200FF2D1BFF34F8FBFF36F8F5E
:10A17000BFF34F8FBFF36F8F0023C2F85032BFF38E
:10A180004F8FBFF36F8F70BD53F8041B40F8041B53
:10A19000C0E700BFECCB0008346700203467002024
:10A1A0003467002000ED00E0074BD3F8D81021EA17
:10A1B0000001C3F8D810D3F8002122EA0002C3F846
:10A1C0000021D3F8003170470044025870B5D0E93F
:10A1D000244300224FF0FF359E6804EB42135101E7
:10A1E000D3F80009002805DAD3F8000940F08040D0
:10A1F000C3F80009D3F8000B002805DAD3F8000BE8
:10A2000040F08040C3F8000B013263189642C3F857
:10A210000859C3F8085BE0D24FF00113C4F81C38AA
:10A2200070BD0000890141F02001016103699B06B6
:10A23000FCD41220FEF710BE10B50A4C2046FEF7E3
:10A24000ABFA094BC4F89030084BC4F89430084C72
:10A250002046FEF7A1FA074BC4F89030064BC4F82D
:10A26000943010BD3C6500200000084020CB000861
:10A27000D8650020000004402CCB000870B503789E
:10A280000546012B5CD1434BD0F89040984258D101
:10A29000414B0E216520D3F8D82042F00062C3F86C
:10A2A000D820D3F8002142F00062C3F80021D3F88F
:10A2B0000021D3F8802042F00062C3F88020D3F858
:10A2C000802022F00062C3F88020D3F88030FDF7B0
:10A2D000A7FC324BE360324BC4F800380023D5F8BA
:10A2E0009060C4F8003EC02323604FF40413A363BE
:10A2F0003369002BFCDA01230C203361FEF7ACFD3F
:10A300003369DB07FCD41220FEF7A6FD3369002B6E
:10A31000FCDA00262846A660FFF758FF6B68C4F8F1
:10A320001068DB68C4F81468C4F81C6883BB1D4B54
:10A33000A3614FF0FF336361A36843F00103A3609F
:10A3400070BD194B9842C9D1134B4FF08060D3F8C0
:10A35000D82042F00072C3F8D820D3F8002142F090
:10A360000072C3F80021D3F80021D3F8802042F016
:10A370000072C3F88020D3F8802022F00072C3F866
:10A380008020D3F88030FFF70FFF0E214D209EE78D
:10A39000064BCDE73C6500200044025840140040C5
:10A3A00003002002003C30C0D8650020083C30C0CB
:10A3B000F8B5D0F89040054600214FF000662046E1
:10A3C000FFF730FFD5F8941000234FF001128F688B
:10A3D0004FF0FF30C4F83438C4F81C2804EB4312A3
:10A3E00001339F42C2F80069C2F8006BC2F8080945
:10A3F000C2F8080BF2D20B68D5F89020C5F8983057
:10A40000636210231361166916F01006FBD1122047
:10A41000FEF722FDD4F8003823F4FE63C4F80038B8
:10A42000A36943F4402343F01003A3610923C4F854
:10A430001038C4F814380B4BEB604FF0C043C4F82D
:10A44000103B094BC4F8003BC4F81069C4F800394C
:10A45000D5F8983003F1100243F48013C5F8982022
:10A46000A362F8BDFCCA000840800010D0F890201C
:10A4700090F88A10D2F8003823F4FE6343EA0113FF
:10A48000C2F80038704700002DE9F84300EB810363
:10A49000D0F890500C468046DA680FFA81F94801EE
:10A4A000166806F00306731E022B05EB41134FF0EE
:10A4B000000194BFB604384EC3F8101B4FF00101E1
:10A4C00004F1100398BF06F1805601FA03F3916975
:10A4D00098BF06F5004600293AD0578A04F1580182
:10A4E000374349016F50D5F81C180B430021C5F8BC
:10A4F0001C382B180127C3F81019A7405369611E97
:10A500009BB3138A928B9B08012A88BF5343D8F8C8
:10A510009820981842EA034301F140022146C8F806
:10A520009800284605EB82025360FFF77BFE08EB9C
:10A530008900C3681B8A43EA845348341E4364017C
:10A540002E51D5F81C381F43C5F81C78BDE8F88398
:10A5500005EB4917D7F8001B21F40041C7F8001B91
:10A56000D5F81C1821EA0303C0E704F13F030B4AA6
:10A570002846214605EB83035A60FFF753FE05EB9F
:10A580004910D0F8003923F40043C0F80039D5F859
:10A590001C3823EA0707D7E70080001000040002F8
:10A5A000D0F894201268C0F89820FFF70FBE000082
:10A5B0005831D0F8903049015B5813F4004004D072
:10A5C00013F4001F0CBF0220012070474831D0F85F
:10A5D000903049015B5813F4004004D013F4001F7D
:10A5E0000CBF02200120704700EB8101CB68196A83
:10A5F0000B6813604B6853607047000000EB8103E9
:10A6000030B5DD68AA691368D36019B9402B84BFDF
:10A61000402313606B8A1468D0F890201C4402EB2E
:10A620004110013C09B2B4FBF3F46343033323F05C
:10A63000030343EAC44343F0C043C0F8103B2B6814
:10A6400003F00303012B0ED1D2F8083802EB4110BE
:10A6500013F4807FD0F8003B14BF43F0805343F0E5
:10A660000053C0F8003B02EB4112D2F8003B43F02C
:10A670000443C2F8003B30BD2DE9F041D0F89060B2
:10A6800005460C4606EB4113D3F8087B3A07C3F89E
:10A69000087B08D5D6F814381B0704D500EB8103D6
:10A6A000DB685B689847FA071FD5D6F81438DB07D4
:10A6B0001BD505EB8403D968CCB98B69488A5A68E5
:10A6C000B2FBF0F600FB16228AB91868DA689042ED
:10A6D0000DD2121AC3E90024302383F311882146D6
:10A6E0002846FFF78BFF84F31188BDE8F081012332
:10A6F00003FA04F26B8923EA02036B81CB68002B17
:10A70000F3D021462846BDE8F041184700EB81030D
:10A710004A0170B5DD68D0F890306C692668E66053
:10A7200056BB1A444FF40020C2F810092A6802F000
:10A730000302012A0AB20ED1D3F8080803EB42142F
:10A7400010F4807FD4F8000914BF40F0805040F02E
:10A750000050C4F8000903EB4212D2F8000940F09F
:10A760000440C2F800090122D3F8340802FA01F1CA
:10A770000143C3F8341870BD19B9402E84BF40207E
:10A78000206020681A442E8A8419013CB4FBF6F438
:10A7900040EAC44040F00050C6E700002DE9F8430D
:10A7A000D0F8906005460C464F0106EB4113D3F8F4
:10A7B000088918F0010FC3F808891CD0D6F81038A2
:10A7C000DB0718D500EB8103D3F80CC0DCF814309C
:10A7D000D3F800E0DA68964530D2A2EB0E024FF0D3
:10A7E00000091A60C3F80490302383F31188FFF73F
:10A7F0008DFF89F3118818F0800F1DD0D6F83438FA
:10A800000126A640334217D005EB84030134D5F866
:10A810009050D3F80CC0E4B22F44DCF8142005EBC0
:10A820000434D2F800E05168714514D3D5F83438B7
:10A8300023EA0606C5F83468BDE8F883012303FA65
:10A8400001F2038923EA02030381DCF80830002BBC
:10A85000D1D09847CFE7AEEB0103BCF8100083429C
:10A8600028BF0346D7F8180980B2B3EB800FE3D8AE
:10A870009068A0F1040959F8048FC4F80080A0EB97
:10A8800009089844B8F1040FF5D818440B449060B7
:10A890005360C8E72DE9F84FD0F8905004466E6930
:10A8A000AB691E4016F480586E6103D0BDE8F84FC6
:10A8B000FDF7E2BF002E12DAD5F8003E9B0705D067
:10A8C000D5F8003E23F00303C5F8003ED5F8043860
:10A8D000204623F00103C5F80438FDF7FBFF3705D8
:10A8E00005D52046FFF772FC2046FDF7E1FFB004D6
:10A8F0000CD5D5F8083813F0060FEB6823F4705325
:10A900000CBF43F4105343F4A053EB6031071BD545
:10A910006368DB681BB9AB6923F00803AB6123787C
:10A92000052B0CD1D5F8003E9A0705D0D5F8003E8E
:10A9300023F00303C5F8003E2046FDF7CBFF636814
:10A94000DB680BB120469847F30200F1BA80B702EA
:10A9500026D5D4F8909000274FF0010A09EB471252
:10A96000D2F8003B03F44023B3F5802F11D1D2F885
:10A97000003B002B0DDA62890AFA07F322EA03038F
:10A98000638104EB8703DB68DB6813B1394620463B
:10A9900098470137D4F89430FFB29B689F42DDD9C5
:10A9A000F00619D5D4F89000026AC2F30A1702F033
:10A9B0000F0302F4F012B2F5802F00F0CA80B2F556
:10A9C000402F09D104EB8303002200F58050DB689F
:10A9D0001B6A974240F0B0803003D5F8185835D53F
:10A9E000E90303D500212046FFF746FEAA0303D55D
:10A9F00001212046FFF740FE6B0303D502212046CC
:10AA0000FFF73AFE2F0303D503212046FFF734FE5C
:10AA1000E80203D504212046FFF72EFEA90203D544
:10AA200005212046FFF728FE6A0203D506212046AD
:10AA3000FFF722FE2B0203D507212046FFF71CFE5D
:10AA4000EF0103D508212046FFF716FE700340F101
:10AA5000A780E90703D500212046FFF79FFEAA073C
:10AA600003D501212046FFF799FE6B0703D502218C
:10AA70002046FFF793FE2F0703D503212046FFF75B
:10AA80008DFEEE0603D504212046FFF787FEA806BB
:10AA900003D505212046FFF781FE690603D506216F
:10AAA0002046FFF77BFE2A0603D507212046FFF745
:10AAB00075FEEB0574D520460821BDE8F84FFFF779
:10AAC0006DBED4F890904FF0000B4FF0010AD4F80F
:10AAD00094305FFA8BF79B689F423FF638AF09EBE3
:10AAE0004713D3F8002902F44022B2F5802F20D179
:10AAF000D3F80029002A1CDAD3F8002942F090424A
:10AB0000C3F80029D3F80029002AFBDB3946D4F822
:10AB10009000FFF787FB22890AFA07F322EA030372
:10AB2000238104EB8703DB689B6813B13946204619
:10AB300098470BF1010BCAE7910701D1D0F80080CB
:10AB4000072A02F101029CBF03F8018B4FEA182883
:10AB50003FE704EB830300F58050DA68D2F818C0B1
:10AB6000DCF80820DCE9001CA1EB0C0C00218F4272
:10AB700008D1DB689B699A683A449A605A683A44FB
:10AB80005A6029E711F0030F01D1D0F800808C45FD
:10AB900001F1010184BF02F8018B4FEA1828E6E7B2
:10ABA000BDE8F88F08B50348FFF774FEBDE808401C
:10ABB000FFF744BA3C65002008B50348FFF76AFE7A
:10ABC000BDE80840FFF73ABAD8650020D0F89030C9
:10ABD00003EB4111D1F8003B43F40013C1F8003BF3
:10ABE00070470000D0F8903003EB4111D1F80039E4
:10ABF00043F40013C1F8003970470000D0F89030DA
:10AC000003EB4111D1F8003B23F40013C1F8003BE2
:10AC100070470000D0F8903003EB4111D1F80039B3
:10AC200023F40013C1F8003970470000064BD3F835
:10AC3000DC200243C3F8DC20D3F804211043C3F81E
:10AC40000401D3F8043170470044025808B53C4B66
:10AC50004FF0FF31D3F8802062F00042C3F880202B
:10AC6000D3F8802002F00042C3F88020D3F880207F
:10AC7000D3F88420C3F88410D3F884200022C3F8CA
:10AC80008420D3F88400D86F40F0FF4040F4FF00E8
:10AC900040F4DF4040F07F00D867D86F20F0FF40DD
:10ACA00020F4FF0020F4DF4020F07F00D867D86F49
:10ACB000D3F888006FEA40506FEA5050C3F888001C
:10ACC000D3F88800C0F30A00C3F88800D3F88800DE
:10ACD000D3F89000C3F89010D3F89000C3F89020F8
:10ACE000D3F89000D3F89400C3F89410D3F89400EC
:10ACF000C3F89420D3F89400D3F89800C3F89810C0
:10AD0000D3F89800C3F89820D3F89800D3F88C00B3
:10AD1000C3F88C10D3F88C00C3F88C20D3F88C00C7
:10AD2000D3F89C00C3F89C10D3F89C10C3F89C2067
:10AD3000D3F89C30FCF722FABDE8084000F0D6B901
:10AD40000044025808B50122534BC3F80821534B65
:10AD5000D3F8F42042F00202C3F8F420D3F81C2107
:10AD600042F00202C3F81C210222D3F81C314C4BE2
:10AD7000DA605A689104FCD54A4A1A6001229A6046
:10AD8000494ADA6000221A614FF440429A61444B0A
:10AD90009A699204FCD51A6842F480721A603F4B9B
:10ADA0001A6F12F4407F04D04FF480321A670022E9
:10ADB0001A671A6842F001021A60384B1A68500785
:10ADC000FCD500221A611A6912F03802FBD1012168
:10ADD00019604FF0804159605A67344ADA62344A48
:10ADE0001A611A6842F480321A602C4B1A68910377
:10ADF000FCD51A6842F480521A601A689204FCD595
:10AE00002C4A2D499A6200225A63196301F57C018C
:10AE1000DA6301F5E77199635A64284A1A64284A8B
:10AE2000DA621A6842F0A8521A601C4B1A6802F0E3
:10AE30002852B2F1285FF9D148229A614FF4886212
:10AE4000DA6140221A621F4ADA641F4A1A651F4AF1
:10AE50005A651F4A9A6532231E4A1360136803F02D
:10AE60000F03022BFAD10D4A136943F00303136158
:10AE7000136903F03803182BFAD14FF00050FFF795
:10AE8000D5FE4FF08040FFF7D1FE4FF00040BDE807
:10AE90000840FFF7CBBE00BF0080005100440258BD
:10AEA0000048025800C000F0020000010000FF014D
:10AEB000008890083220600063020901470E0508EF
:10AEC000DD0BBF0120000020000001100910E00090
:10AED00000010110002000524FF0B04208B5D2F836
:10AEE000883003F00103C2F8883023B1044A1368A4
:10AEF0000BB150689847BDE80840FFF79FB800BF06
:10AF0000B46600204FF0B04208B5D2F8883003F0A4
:10AF10000203C2F8883023B1044A93680BB1D068A9
:10AF20009847BDE80840FFF789B800BFB466002025
:10AF30004FF0B04208B5D2F8883003F00403C2F8ED
:10AF4000883023B1044A13690BB150699847BDE8B2
:10AF50000840FFF773B800BFB46600204FF0B0425E
:10AF600008B5D2F8883003F00803C2F8883023B15E
:10AF7000044A93690BB1D0699847BDE80840FFF7D0
:10AF80005DB800BFB46600204FF0B04208B5D2F8FB
:10AF9000883003F01003C2F8883023B1044A136AE2
:10AFA0000BB1506A9847BDE80840FFF747B800BFAB
:10AFB000B46600204FF0B04310B5D3F8884004F4D5
:10AFC0007872C3F88820A30604D5124A936A0BB19D
:10AFD000D06A9847600604D50E4A136B0BB1506BCC
:10AFE0009847210604D50B4A936B0BB1D06B984759
:10AFF000E20504D5074A136C0BB1506C9847A305C2
:10B0000004D5044A936C0BB1D06C9847BDE810404E
:10B01000FFF714B8B46600204FF0B04310B5D3F872
:10B02000884004F47C42C3F88820620504D5164A9F
:10B03000136D0BB1506D9847230504D5124A936DDB
:10B040000BB1D06D9847E00404D50F4A136E0BB1D5
:10B05000506E9847A10404D50B4A936E0BB1D06E85
:10B060009847620404D5084A136F0BB1506F984794
:10B07000230404D5044A936F0BB1D06F9847BDE801
:10B080001040FEF7DBBF00BFB466002008B50348E0
:10B09000FCF73CFCBDE80840FEF7D0BFC8360020F6
:10B0A00008B50348FCF736FDBDE80840FEF7C6BF0B
:10B0B0002039002008B50348FCF72CFDBDE8084006
:10B0C000FEF7BCBF8C39002008B50348FCF722FD11
:10B0D000BDE80840FEF7B2BFF839002008B500F01F
:10B0E000BDFCBDE80840FEF7A9BF0000062108B579
:10B0F0000846FCF795FD06210720FCF791FD062187
:10B100000820FCF78DFD06210920FCF789FD0621AA
:10B110000A20FCF785FD06211720FCF781FD06219A
:10B120002820FCF77DFD09217A20FCF779FD092113
:10B130003120FCF775FD07213220FCF771FD0C2151
:10B140002620FCF76DFD0C212720FCF769FD0C2162
:10B150005220BDE80840FCF763BD000008B5FFF7CA
:10B1600075FD00F043FCFDF73BF9FDF7D9F8FDF75D
:10B1700011FBFDF7E3F9FEF7A5F9BDE8084000F083
:10B1800029BA000030B50433039C0172002104FB8E
:10B190000325C160C0E90653049B0363059BC0E916
:10B1A0000000C0E90422C0E90842C0E90A11436373
:10B1B00030BD00000022416AC260C0E90411C0E94C
:10B1C0000A226FF00101FDF7F3BE0000D0E904325E
:10B1D000934201D1C2680AB9181D70470020704718
:10B1E000036919600021C2680132C260C269134458
:10B1F00082699342036124BF436A0361FDF7CCBEB9
:10B2000038B504460D46E3683BB162690020131D62
:10B210001268A3621344E36207E0237A33B9294634
:10B220002046FDF7A9FE0028EDDA38BD6FF00100D9
:10B23000FBE70000C368C269013BC3604369134474
:10B2400082699342436124BF436A4361002383625E
:10B25000036B03B11847704770B53023044683F37E
:10B260001188866A3EB9FFF7CBFF054618B186F311
:10B270001188284670BDA36AE26A13F8015B934205
:10B28000A36202D32046FFF7D5FF002383F3118882
:10B29000EFE700002DE9F84F04460E4617469846A2
:10B2A0004FF0300989F311880025AA46D4F828B058
:10B2B000BBF1000F09D141462046FFF7A1FF20B1A5
:10B2C0008BF311882846BDE8F88FD4E90A12A7EB62
:10B2D000050B521A934528BF9346BBF1400F1BD96B
:10B2E000334601F1400251F8040B914243F8040B3C
:10B2F000F9D1A36A403640354033A362D4E90A232A
:10B300009A4202D32046FFF795FF8AF31188BD4287
:10B31000D8D289F31188C9E730465A46F6F79EFD20
:10B32000A36A5E445D445B44A362E7E710B5029CF8
:10B330000433017203FB0421C460C0E90613002337
:10B34000C0E90A33039B0363049BC0E90000C0E922
:10B350000422C0E90842436310BD0000026A6FF096
:10B360000101C260426AC0E904220022C0E90A2247
:10B37000FDF71EBED0E904239A4201D1C26822B96A
:10B38000184650F8043B0B60704700231846FAE754
:10B39000C3680021C2690133C360436913448269F1
:10B3A0009342436124BF436A4361FDF7F5BD00004A
:10B3B00038B504460D46E3683BB1236900201A1DE9
:10B3C000A262E2691344E36207E0237A33B92946B3
:10B3D0002046FDF7D1FD0028EDDA38BD6FF0010001
:10B3E000FBE7000003691960C268013AC260C269E4
:10B3F000134482699342036124BF436A03610023BB
:10B400008362036B03B118477047000070B53023A7
:10B410000D460446114683F31188866A2EB9FFF75C
:10B42000C7FF10B186F3118870BDA36A1D70A36AAF
:10B43000E26A01339342A36204D3E16920460439EE
:10B44000FFF7D0FF002080F31188EDE72DE9F84FDA
:10B4500004460D46904699464FF0300A8AF311880B
:10B460000026B346A76A4FB949462046FFF7A0FF1A
:10B4700020B187F311883046BDE8F88FD4E90A0778
:10B480003A1AA8EB0607974228BF1746402F1BD948
:10B4900005F1400355F8042B9D4240F8042BF9D1E7
:10B4A000A36A40364033A362D4E90A239A4204D304
:10B4B000E16920460439FFF795FF8BF31188464573
:10B4C000D9D28AF31188CDE729463A46F6F7C6FC69
:10B4D000A36A3D443E443B44A362E5E7D0E904232C
:10B4E0009A4217D1C3689BB1836A8BB1043B9B1A04
:10B4F0000ED01360C368013BC360C3691A448369FB
:10B500009A42026124BF436A0361002383620123DC
:10B51000184670470023FBE701F01F03F0B502F067
:10B520001F0456095A1C0123B6EB511F50F8265030
:10B5300003FA02F34FEA511703F1FF333DBF50F80E
:10B540002720C4F12000134003EA05003BBF03FAA3
:10B5500000F225FA04F0E0401043F0BD70B57E2201
:10B560007F210546FFF7D8FF18B1012819D0002028
:10B5700070BD3E2249212846FFF7CEFF2F22044608
:10B5800031212846FFF7C8FF064601345022023613
:10B5900053212846B440FFF7BFFF093804FA00F0F2
:10B5A000E6E7302245212846FFF7B6FF013080024A
:10B5B000DEE7000090F8D63090F8D7201B0403EBAC
:10B5C000026390F8D42090F8D500134403EB0020D8
:10B5D0007047000000F018BA014B586A704700BF6E
:10B5E000000C0040034B002258631A610222DA600B
:10B5F000704700BF000C0040014B0022DA6070472A
:10B60000000C0040014B5863704700BF000C004025
:10B61000024B034A1A60034A5A6070478C66002046
:10B620003867002000000220074B494210B55C68D3
:10B63000201A08401968821A8A4203D3A24201D80C
:10B640005A6010BD0020FCE78C66002008B530234E
:10B6500083F31188FFF7E8FF002383F3118808BD07
:10B660000448054B03600023C0E901330C3000F0AF
:10B6700017B900BF946600204DB60008CB1D083AEC
:10B6800023F00703591A521A10B4D2080024C0E953
:10B69000004384600C301C605A605DF8044B00F07D
:10B6A000FFB800002DE9F74F364FCD1D8846002822
:10B6B00018BF0746082A4FEAD50538BF082207F108
:10B6C0000C003C1D9146019000F02CF9019809F105
:10B6D0000701C9F1000E2246246864B900F02CF974
:10B6E0003B68CBB308224946E8009847044698B324
:10B6F00040E9027830E004EB010CD4F804A00CEA35
:10B700000E0C0AF10106ACF1080304EBC6069E42DA
:10B71000E1D9A6EB0C0CB5EBEC0F4FEAEC0BDAD849
:10B720009C421DD204F10802AB45A3EB02024FEA92
:10B73000E202626009D9691CED4303EBC1025D447A
:10B740005560256843F8315022601C46C3F80480D8
:10B7500044F8087B00F0F0F8204603B0BDE8F08F15
:10B76000AA45216802D111602346EEE7013504EBBA
:10B77000C50344F8351003F10801761AF6105E602F
:10B780001360F1E79466002073B50446A0F1080544
:10B7900050F8080C54F8043C061D0C300733019097
:10B7A000DB0844F8043C00F0BDF8334601989E42A3
:10B7B0001A6801D0AB4228D20AB1954225D244F88A
:10B7C000082C54F8042C1D60013254F8081C05EBB9
:10B7D000C206B14206D14E68324444F8042C0A68CD
:10B7E00044F8082C5E68711C03EBC1018D4207D13F
:10B7F00054F8042C013232445A6054F8082C1A6070
:10B8000002B0BDE8704000F097B81346CFE70000E3
:10B81000FEE7000070B51E4B0025044686B0586058
:10B820000E4605638163FEF7E1FB04F12803A56082
:10B830006563C4E90A3304F11003C4E904334FF02B
:10B84000FF33C4E90044C4E90635FFF7C5FE2B46C3
:10B85000024604F13C012046C4E9082380230D4A36
:10B860006567FDF703FB7368E0600B4A0362012321
:10B87000009280F824306846F26801923269CDE97E
:10B880000223064BCDE90435FDF724FB06B070BD5D
:10B890001049002040CB000838CB000811B8000840
:10B8A0000023C0E9000083600361704770B51C4B42
:10B8B00005468468DE685CB3B44213D10369013382
:10B8C000036170BDA36094F8243083B1062B15D1B9
:10B8D000A06A2146D4E9003213605A60FDF732FABB
:10B8E000A36A9C68B368A2689A42EBD306E0D4E9E5
:10B8F0000032204613605A60FDF734FA284631467C
:10B90000FDF720FAB5620620BDE87040FDF72CBABD
:10B910000369866001330361336BC3603063D0E732
:10B920006846002008B5302383F31188FFF7BEFF77
:10B93000002383F3118808BD194BD96883688B42B3
:10B9400010B520D1302383F311880269013A0261D6
:10B95000B2B90468C368A0420B631ED04A6B9BB99E
:10B9600001238A60036103681A68026050601A6BE1
:10B970008360C26018631846FDF7F4F9FDF744FAD6
:10B98000002383F3118810BD1C68A34203D0A46870
:10B99000A24238BF2246DB68E1E78260F0E700BFE1
:10B9A00068460020024A536B18435063704700BF3B
:10B9B0006846002038B5EFF311859DB9EFF3058493
:10B9C000C4F30804302334B183F31188FDF728FC55
:10B9D00085F3118838BD83F31188FDF721FC84F3CA
:10B9E000118838BDBDE83840FDF71ABC0023054A70
:10B9F00019460133102BC2E9001102F10802F8D1F7
:10BA0000704700BFB4660020114BD3F8E82042F025
:10BA10000802C3F8E820D3F8102142F00802C3F866
:10BA200010210C4AD3F81031D36B43F00803D363D1
:10BA3000C722094B9A624FF0FF32DA6200229A6104
:10BA40005A63DA605A6001225A611A60704700BF77
:10BA5000004402580010005C000C0040094A08B580
:10BA60001169D3680B40D9B29B076FEA01011161DC
:10BA700007D5302383F31188FDF7ECF9002383F316
:10BA8000118808BD000C004010B5013902449042F5
:10BA900001D1002005E0037811F8014FA34201D045
:10BAA000181B10BD0130F2E72DE9F041A3B1C91A0E
:10BAB00017780144044603F1FF3C8C42204601D92B
:10BAC000002009E00578BD4204F10104F5D10CEB3A
:10BAD0000405D618A54201D1BDE8F08115F8018D05
:10BAE00016F801EDF045F5D0E7E70000884210B503
:10BAF00001EB020402D98442234607D8431EA14227
:10BB000008D011F8012B03F8012FF8E70244014691
:10BB10008A4200D110BD13F8014D02F8014DF7E73C
:10BB2000C9B2034610F8012B1AB18A42F9D118465E
:10BB30007047002918BF0023F9E70000034611F8F9
:10BB4000012B03F8012B002AF9D1704710B50139F8
:10BB5000034632B111F8014F03F8014B013A002CB2
:10BB6000F7D11A440021934200D110BD03F8011B04
:10BB7000F9E700004D4435002D2D0A002F61726455
:10BB80007570696C6F742E6162696E002F617264EA
:10BB90007570696C6F742D7665726966792E616255
:10BBA000696E002F6172647570696C6F742D666CBC
:10BBB0006173682E6162696E002F617264757069CD
:10BBC0006C6F742D666C61736865642E6162696E5A
:10BBD00000000000000000000000000075100008D8
:10BBE00011110008C11200084911000809110008CC
:10BBF0000000000000000000711000081D11000886
:10BC0000F91200086D1000087910000853544D33E4
:10BC10003248373F3F3F0053544D33324837337833
:10BC20002F3732780053544D3332483734332F375F
:10BC300035332F373530000001105A0003105900FA
:10BC4000012058000320560041A3E5F265699207E0
:10BC50000040A2E4F164689106000000E57600006F
:10BC600000000000EDD3F55C1A631258D69CF7A2D1
:10BC7000DEF9DE14000000000000000000000000FB
:10BC800000000010B67859FF8572D300BD6E15FF15
:10BC90000F0A6A0029C0010098E879FFBC3CA0FFA8
:10BCA0009971CEFF00B7E2FEB40D48FF59F1B2FE24
:10BCB0000AE5A6FF7BDD2AFE1E14D4005280030095
:10BCC00030D1F300777940FF32E39CFF006EC5016D
:10BCD000671B900008C9BCF367E6096A3BA7CA84E2
:10BCE00085AE67BB2BF894FE72F36E3CF1361D5F98
:10BCF0003AF54FA5D182E6AD7F520E511F6C3E2B17
:10BD00008C68059B6BBD41FBABD9831F79217E13EA
:10BD100019CDE05BB0A00EFED3C986FF9E188F0040
:10BD20007F693500600CBD00A7D7FBFF9F4C80FEEC
:10BD30006A65E1FF1EFC0400920CAE00853B8C019D
:10BD4000BDF124FFF825C30160DC3700B74C3EFF8E
:10BD5000C3423D00324CA401E1A44CFF4C3DA3FF83
:10BD6000753E1F00519140FF76410E00A273D6FF31
:10BD7000068A2E007CE6F4FF0A8A8F00341AC2007D
:10BD8000B8F44C00818F2901BEF413FF7BAA7AFF1F
:10BD90006281440079D5930056651EFFA1679B0020
:10BDA0008C5943FFEFE5BE01430BB500C6F089FE99
:10BDB000EE45BCFF4397EE00132A6CFFE555710179
:10BDC000324487FF116A0900326701FF5001A80160
:10BDD00023981EFF10A8B9013859E8FF65D2FC006E
:10BDE00029FA4700CCAA4FFF0E2EEFFF504DEF006F
:10BDF000BDD64BFF118DF90026504CFFBE55750086
:10BE000056E4AA009CD8D001C3CFA4FF96424CFFB1
:10BE1000AFE110FF8D5062014CDBF200C6A2720050
:10BE20002EDA98009B2BF1FE9BA068FF33BBA50088
:10BE30000211AF004254A001F73A1E00234135FE23
:10BE400045ECBF002D86F501A37BDD00206E14FFBD
:10BE50003417A500BAD64700E9B06000F2EF36010A
:10BE600039598A00530054FF88A064005C8E78FE24
:10BE7000687CBE00B5B13EFFFA29550098822A01C0
:10BE800060FCF60097973FFEEF853E0020389C004F
:10BE90002DA7BDFF8E85B3018356D300BBB396FE9D
:10BEA000FAAA0EFFD2A34E0025349700634D1A0064
:10BEB000EE9CD5FFD5C0D101492E54001441290173
:10BEC00036CE4F00C98392FEAA6F18FFB12132FE11
:10BED000AB26CBFF4EF77400D1DD99008580B2010F
:10BEE0003A2C1900C9273B01BD13FC0031E5D201F2
:10BEF00075BB7500B5B3B8010072DB00305E93000E
:10BF0000F52938007D0DCCFEF4AD77002CDD20FE48
:10BF100054EA1400F9A0C601EC7EEAFF2F63A8FEE4
:10BF2000AAE299FF66B3D800E28D7AFF7A4299FEC1
:10BF3000B6F58600E3E41901D639EBFFD8AD38FF3A
:10BF4000B5E7D20077809DFF815F88FF6E7E33006A
:10BF500002A9B7FF078262FE45B05EFF7404E301E9
:10BF6000D9F291FFCAAD1F01690127FF2EAF45002D
:10BF7000E42F3AFFD7E045FECF3845FF10FE8BFF98
:10BF800017CFD4FFCA147EFF5FD560FF09B0210030
:10BF9000C805CFFFF12A80FE2321C0FFF8E5C401C8
:10BFA00081117800FB6797FF073470FF8C3842FFE0
:10BFB00028E2F5FFD94625FEACD609FF48438601A5
:10BFC00092C0D6FF2C26700044B84BFFCE5AFB001F
:10BFD00095EB8D00B5AA3A0074F4EF005C9D020069
:10BFE00066AD6200E98960017F31CB00059B94005A
:10BFF000179409FFD37A0C0022861AFFDBCC880045
:10C00000860829FFE0532BFE5519F7006D7F00FECF
:10C01000A9883000EE77DBFFE7ADD500CE12FEFE3B
:10C0200008BA07FF7E0907016F2A48006F34ECFE4B
:10C03000603F8D0093BF7FFECD4EC0FF0E6AED01C5
:10C04000BBDB4C00AFF3BBFE6959AD00551959017C
:10C05000A2F394000276D1FE219E09008BA32EFF4D
:10C060005D4628006C2A8EFE6FFC8EFF9BDF9000E1
:10C0700033E5A7FF49FC9BFF5E740CFF98A0DAFF35
:10C080009CEE25FFB3EACFFFC500B3FF9AA48D0055
:10C09000E1C468000A2319FED1D4F2FF61FDDEFE7F
:10C0A000B865E500DE127F01A48887FF1ECF8CFEF5
:10C0B0009261F30081C01AFEC95421FF6F0A4EFF3E
:10C0C0009351B2FF04041800A1EED7FF068D2100A2
:10C0D00035D70EFF29B5D0FFE78B9D00B3CBDDFF31
:10C0E000FFB97100BDE2ACFF7142D6FFCA3E2DFF21
:10C0F000664008FF4EAE10FE857544FF0001020346
:10C100000405060708090A0B0C0D0E0F0E0A040899
:10C11000090F0D06010C00020B0705030B080C00AC
:10C1200005020F0D0A0E03060701090407090301A2
:10C130000D0C0B0E0206050A04000F080900050786
:10C1400002040A0F0E010B0C0608030D020C060A6E
:10C15000000B0803040D07050F0E01090C05010F64
:10C160000E0D040A000706030902080B0D0B070E4B
:10C170000C01030905000F040806020A060F0E0948
:10C180000B0300080C020D0701040A050A0208044B
:10C19000070601050F0B090E030C0D000001020339
:10C1A0000405060708090A0B0C0D0E0F0E0A0408F9
:10C1B000090F0D06010C00020B0705031B132C0AC7
:10C1C000A3E59CEDA72963085D210621EBFFFFFF96
:10C1D000FFFFFFFFFFFFFFFFFFFFFFFF0F0000005C
:10C1E000614500080D4400088D44000835450008ED
:10C1F000600100002F000000537563636573736670
:10C20000756C6C79206D6F756E7465642053444352
:10C210006172642028736C6F77646F776E3D25754B
:10C22000290A0000EB769045584641542020200012
:10C230004641543332202020000000002A3A3C3E80
:10C240007C223F7F002B2C3B3D5B5D0043554541ED
:10C250004141414345454549494941414592924FF4
:10C260004F4F5555594F554F9C4F9E9F41494F55E4
:10C27000A5A5A6A7A8A9AAABACADAEAFB0B1B2B305
:10C28000B4414141B8B9BABBBCBDBEBFC0C1C2C355
:10C29000C4C54141C8C9CACBCCCDCECFD1D145450B
:10C2A0004549494949D9DADBDCDD49DF4FE14F4FE8
:10C2B0004F4FE6E8E85555555959EEEFF0F1F2F3D6
:10C2C000F4F5F6F7F8F9FAFBFCFDFEFF01030507AC
:10C2D000090E10121416181C1E00000061001A032B
:10C2E000E0001703F8000703FF00010078010001D8
:10C2F000300132010601390110014A012E01790194
:10C30000060180014D004302810182018201840106
:10C31000840186018701870189018A018B018B01D4
:10C320008D018E018F019001910191019301940182
:10C33000F60196019701980198013D029B019C012D
:10C340009D0120029F01A001A001A201A201A40160
:10C35000A401A601A701A701A901AA01AB01AC0193
:10C36000AC01AE01AF01AF01B101B201B301B30144
:10C37000B501B501B701B801B801BA01BB01BC01F3
:10C38000BC01BE01F701C001C101C201C301C4016A
:10C39000C501C401C701C801C701CA01CB01CA0157
:10C3A000CD011001DD0101008E01DE011201F3015A
:10C3B0000300F101F401F401F80128012202120145
:10C3C0003A020900652C3B023B023D02662C3F020B
:10C3D00040024102410246020A015302400081012B
:10C3E0008601550289018A0158028F015A02900183
:10C3F0005C025D025E025F029301610262029401CF
:10C400006402650266026702970196016A02622C65
:10C410006C026D026E029C01700271029D0173023A
:10C4200074029F0176027702780279027A027B0217
:10C430007C02642C7E027F02A60181028202A90195
:10C440008402850286028702AE014402B101B20174
:10C4500045028D028E028F0290029102B7017B038A
:10C460000300FD03FE03FF03AC03040086038803FF
:10C4700089038A03B1031103C2030200A303A303C8
:10C48000C4030803CC0303008C038E038F03D8037B
:10C490001801F2030A00F903F303F403F503F603AA
:10C4A000F703F703F903FA03FA03300420035004F7
:10C4B0001007600422018A043601C1040E01CF0472
:10C4C0000100C004D00444016105260400000000FE
:10C4D0007D1D0100632C001E9601A01E5A01001F45
:10C4E0000806101F0606201F0806301F0806401FFA
:10C4F0000606511F0700591F521F5B1F541F5D1F67
:10C50000561F5F1F601F0806701F0E00BA1FBB1F5B
:10C51000C81FC91FCA1FCB1FDA1FDB1FF81FF91F57
:10C52000EA1FEB1FFA1FFB1F801F0806901F08065B
:10C53000A01F0806B01F0400B81FB91FB21FBC1F00
:10C54000CC1F0100C31FD01F0206E01F0206E51F1B
:10C550000100EC1FF31F0100FC1F4E2101003221DE
:10C5600070211002842101008321D0241A05302C6F
:10C570002F04602C0201672C0601752C0201802C0F
:10C580006401002D260841FF1A030000C700FC00CB
:10C59000E900E200E400E000E500E700EA00EB006B
:10C5A000E800EF00EE00EC00C400C500C900E600A2
:10C5B000C600F400F600F200FB00F900FF00D60010
:10C5C000DC00F800A300D800D7009201E100ED00E4
:10C5D000F300FA00F100D100AA00BA00BF00AE00DB
:10C5E000AC00BD00BC00A100AB00BB0091259225B2
:10C5F000932502252425C100C200C000A90063259F
:10C60000512557255D25A200A500102514253425A8
:10C610002C251C2500253C25E300C3005A25542564
:10C6200069256625602550256C25A400F000D00002
:10C63000CA00CB00C8003101CD00CE00CF001825C4
:10C640000C2588258425A600CC008025D300DF009A
:10C65000D400D200F500D500B500FE00DE00DA00FF
:10C66000DB00D900FD00DD00AF00B400AD00B1007B
:10C670001720BE00B600A700F700B800B000A80061
:10C68000B700B900B300B200A025A000100002401E
:10C69000080002400008024000000B002800024091
:10C6A000080002400408024006010C00400002405D
:10C6B000080002400808024010020D005800024025
:10C6C000080002400C08024016030E0070000240F1
:10C6D0000C0002401008024000040F0088000240D5
:10C6E0000C0002401408024006051000A0000240A1
:10C6F0000C0002401808024010061100B800024069
:10C700000C0002401C08024016072F0010040240D3
:10C7100008040240200802400008380028040240B3
:10C72000080402402408024006093900400402407F
:10C730000804024028080240100A3A005804024047
:10C74000080402402C080240160B3B007004024013
:10C750000C04024030080240000C3C0088040240F7
:10C760000C04024034080240060D4400A0040240BC
:10C770000C04024038080240100E4500B804024084
:10C780000C0402403C080240160F46000100000065
:10C790000000000000960000000000000000000003
:10C7A0000000000000000000000000000000000089
:10C7B000BD940008C1940008B57F0008ED82000810
:10C7C000497F0008717F0008997F0008317F0008C9
:10C7D00000000000A18300088D830008C9830008C1
:10C7E000B5830008C1830008AD8300089983000861
:10C7F00085830008D583000800000000B984000884
:10C80000A5840008E1840008CD840008D9840008CC
:10C81000C5840008B18400089D840008ED840008E8
:10C820000000000001000000000000006330000074
:10C830002CC800080000000000000000E0460020B6
:10C84000104900200000812A00000000AAAAAAAA1C
:10C8500000000024FFFE00000000000000A00A000D
:10C860000001000000000000AAAAAAAA000000001F
:10C87000FFFF000000000000000000001400AA56A6
:10C8800000000000AAAAAAAA14005554FFFF000045
:10C8900000000000CCCC0C0020681A000000000052
:10C8A000AAAA8AAA10541500FFFF0000000C700706
:10C8B000770000004081020100100000AAAAAAAA85
:10C8C00000410100F7FF00000000007007000000B9
:10C8D0000000000000000000AAAAAAAA00000000B0
:10C8E000FFFF00000000000000000000000000004A
:10C8F00000000000AAAAAAAA00000000FFFF000092
:10C900000000000000000000000000000000000027
:10C91000AAAAAAAA00000000FFFF00000000000071
:10C92000000000000000000000000000AAAAAAAA5F
:10C9300000000000FFFF00000000000000000000F9
:10C940000000000000000000AAAAAAAA000000003F
:10C95000FFFF0000000000000000000000000000D9
:10C9600000000000AAAAAAAA00000000FFFF000021
:10C9700000000000000000004865782F50726F66CC
:10C9800069434E430025424F415244252D53656370
:10C990007572652D424C2D76313000255345524934
:10C9A000414C25000200000000000000D98600086C
:10C9B0004987000840004000C0610020D06100208D
:10C9C0000200000000000000030000000000000062
:10C9D000918700080000000010000000E0610020C6
:10C9E0000000000001000000000000003C65002085
:10C9F00001010200B9950008C99400086595000876
:10CA000049950008430000000CCA000809024300D1
:10CA1000020100C0320904000001020201000524E5
:10CA2000001001052401000104240202052406006F
:10CA300001070582030800FF09040100020A000043
:10CA400000070501024000000705810240000000C8
:10CA50001200000058CA0008120110010200004034
:10CA6000AE2D1610000201020301000004030904A8
:10CA700025424F4152442500437562654F72616EF5
:10CA800067652D4F444944003031323334353637F1
:10CA90003839414243444546000000000000002070
:10CAA000000002000200000000000030000004004E
:10CAB000080000000000002400000800040000003E
:10CAC0000004000000FC0000020000000000043030
:10CAD0000080000008000000000000380000010095
:10CAE000010000001F1C1F1E1F1E1F1F1E1F1E1FD8
:10CAF0001F1D1F1E1F1E1F1F1E1F1E1F00000000C8
:10CB0000ED880008A58B0008518C0008400040000B
:10CB10007466002074660020010000008466002016
:10CB2000800000004001000008000000000100003B
:10CB3000001000000800000069646C65000000003F
:10CB40006D61696E002C0438040438080C10141C44
:10CB500020242526000000000000640401000400D9
:10CB600000000000000C001028303400443AFF7F21
:10CB700001000000000000009C27000000000000F1
:10CB800000001E0000000000FF0000001849002007
:10CB9000203900208C390020F839002000000000E6
:10CBA0000CBC00088304000017BC000850040000FF
:10CBB00025BC0008010000000000000000960000F5
:10CBC00000000800960000000008000004000000BB
:10CBD0006CCA000800000000000000000000000017
:0CCBE00000000000000000000000000049
:00000001FF
