:020000040800F2
:1000000000060020290400082B0400082B04000827
:100010002B0400082B0400082B0400082B04000804
:100020002B0400082B0400082B040008BD9F0008C7
:100030002B0400082B0400082B0400082B040008E4
:100040002B0400082B0400082B0400082B040008D4
:100050002B0400082B040008A5AE0008D1AE000850
:10006000FDAE000829AF000855AF0008B56E0008C6
:10007000DD6E0008096F0008356F0008616F000829
:10008000896F0008B56F00082B0400082B040008D6
:100090002B0400082B0400082B04000881AF000883
:1000A0002B0400082B0400082B0400082B04000874
:1000B0002B0400082B0400082B0400082B04000864
:1000C0002B0400082B0400082B0400082B04000854
:1000D0002B0400082B0400086DB0000881B0000854
:1000E000E5AF00082B0400082B0400082B040008CF
:1000F0002B0400082B0400082B040008E16F000803
:100100002B04000859B00008A9B000082B0400080F
:100110002B0400082B0400082B0400082B04000803
:100120000D70000835700008617000088D700008BF
:10013000B97000082B0400082B0400082B040008E9
:100140002B0400082B0400082B0400082B040008D3
:10015000E17000080D710008397100082B040008D7
:100160002B0400082B0400082B0400082B040008B3
:100170002B04000895AB00082B0400082B04000892
:100180002B0400082B04000895B000082B0400087D
:100190002B0400082B0400082B0400082B04000883
:1001A0002B0400082B0400082B0400082B04000873
:1001B0002B0400082B0400082B0400082B04000863
:1001C0002B0400082B0400082B0400082B04000853
:1001D0002B04000881AB00082B0400082B04000846
:1001E0002B0400082B0400082B0400082B04000833
:1001F0002B0400082B0400082B0400082B04000823
:100200002B0400082B0400082B0400082B04000812
:100210002B0400082B0400082B0400082B04000802
:100220002B0400082B0400082B0400082B040008F2
:100230002B0400082B0400082B0400082B040008E2
:100240002B0400082B0400082B0400082B040008D2
:100250002B0400082B0400082B0400082B040008C2
:100260002B0400082B0400082B0400082B040008B2
:100270002B0400082B0400082B0400082B040008A2
:100280002B0400082B0400082B0400082B04000892
:100290002B0400082B0400082B0400082B04000882
:1002A0002B0400082B0400082B0400082B04000872
:1002B0002B0400082B0400082B0400082B04000862
:1002C0002B0400082B0400082B0400082B04000852
:1002D0002B0400082B0400082B0400082B04000842
:1002E0004ECF4EA5A6B6F7295896DBA5B8CECFFCC3
:1002F0008C0772719EFAB24D4227090759712B641F
:10030000034AA19F695D84F25FC8DD56AC4821496C
:1003100082B8C4A2F08853678D159175B481B45C1E
:10032000CF332D752821A822B27347917F7A17D039
:100330003EFC84A9A4766B7358E33E8DE330D37EF4
:100340008363D3A0A8564A001B2909EE5F1C68FFEF
:10035000422887642C9A29A42ACCDAAF3F73131061
:1003600098D9A6E355421ADE000000000000000004
:10037000000000000000000000000000000000007D
:10038000000000000000000000000000000000006D
:10039000000000000000000000000000000000005D
:1003A000000000000000000000000000000000004D
:1003B000000000000000000000000000000000003D
:1003C000000000000000000000000000000000002D
:1003D000000000000000000000000000000000001D
:1003E000000000000000000000000000000000000D
:1003F00000000000000000000000000000000000FD
:1004000000000000000000000000000000000000EC
:1004100000000000000000000000000000000000DC
:10042000000000000000000002E000F000F8FEE71D
:1004300072B6374880F30888364880F30988364812
:100440003649086040F20000CCF200004EF63471EC
:10045000CEF200010860BFF34F8FBFF36F8F40F201
:100460000000C0F2F0004EF68851CEF200010860A4
:10047000BFF34F8FBFF36F8F4FF00000E1EE100A14
:100480004EF63C71CEF200010860062080F314881D
:10049000BFF36F8F09F0F4FD08F036FF4FF05530D1
:1004A0001F491B4A91423CBF41F8040BFAE71D4922
:1004B000184A91423CBF41F8040BFAE71A491B4A1B
:1004C0001B4B9A423EBF51F8040B42F8040BF8E76D
:1004D00000201849184A91423CBF41F8040BFAE742
:1004E00009F00CFE08F096FF144C154DAC4203DAEF
:1004F00054F8041B8847F9E700F0C4F9114C124D79
:10050000AC4203DA54F8041B8847F9E709F0F4BD5C
:1005100000060020002200200000000808ED00E096
:10052000000000200006002040CB00080022002030
:10053000742200207822002034670020E0020008A6
:10054000E0020008E0020008E00200082DE9F04F98
:100550002DED108AC1F80CD0D0F80CD0BDEC108A6B
:10056000BDE8F08F002383F311882846A0470020C0
:1005700008F0ACFCFEE708F005FC00DFFEE7000039
:1005800053B94AB9002908BF00281CBF4FF0FF31FA
:100590004FF0FF3000F074B9ADF1080C6DE904CEF6
:1005A00000F006F8DDF804E0DDE9022304B070474E
:1005B0002DE9F047089D04468E46002B4DD18A4216
:1005C000944669D9B2FA82F252B101FA02F3C2F149
:1005D000200120FA01F10CFA02FC41EA030E9440DA
:1005E0004FEA1C48210CBEFBF8F61FFA8CF708FBFB
:1005F00016E341EA034306FB07F199420AD91CEBD3
:10060000030306F1FF3080F01F81994240F21C8104
:10061000023E63445B1AA4B2B3FBF8F008FB10334C
:1006200044EA034400FB07F7A7420AD91CEB040481
:1006300000F1FF3380F00A81A74240F20781644451
:10064000023840EA0640E41B00261DB1D4400023D6
:10065000C5E900433146BDE8F0878B4209D9002D3A
:1006600000F0EF800026C5E9000130463146BDE8C4
:10067000F087B3FA83F6002E4AD18B4202D382422E
:1006800000F2F980841A61EB030301209E46002DDD
:10069000E0D0C5E9004EDDE702B9FFDEB2FA82F232
:1006A000002A40F09280A1EB0C014FEA1C471FFA90
:1006B0008CFE0126200CB1FBF7F307FB131140EA77
:1006C00001410EFB03F0884208D91CEB010103F144
:1006D000FF3802D2884200F2CB804346091AA4B206
:1006E000B1FBF7F007FB101144EA01440EFB00FEDA
:1006F000A64508D91CEB040400F1FF3102D2A6453F
:1007000000F2BB800846A4EB0E0440EA03409CE7DD
:10071000C6F12007B34022FA07FC4CEA030C20FA8A
:1007200007F401FA06F31C43F9404FEA1C4900FAAA
:1007300006F3B1FBF9F8200C1FFA8CFE09FB181127
:1007400040EA014108FB0EF0884202FA06F20BD99A
:100750001CEB010108F1FF3A80F08880884240F2EA
:100760008580A8F102086144091AA4B2B1FBF9F02E
:1007700009FB101144EA014100FB0EFE8E4508D929
:100780001CEB010100F1FF346CD28E456AD90238AE
:10079000614440EA0840A0FB0294A1EB0E01A14293
:1007A000C846A64656D353D05DB1B3EB080261EB01
:1007B0000E0101FA07F722FA06F3F1401F43C5E9DB
:1007C000007100263146BDE8F087C2F12003D84011
:1007D0000CFA02FC21FA03F3914001434FEA1C4753
:1007E0001FFA8CFEB3FBF7F007FB10360B0C43EA45
:1007F000064300FB0EF69E4204FA02F408D91CEBF5
:10080000030300F1FF382FD29E422DD902386344F2
:100810009B1B89B2B3FBF7F607FB163341EA034192
:1008200006FB0EF38B4208D91CEB010106F1FF38E1
:1008300016D28B4214D9023E6144C91A46EA0046D8
:1008400038E72E46284605E70646E3E61846F8E66A
:100850004B45A9D2B9EB020864EB0C0E0138A3E7B3
:100860004646EAE7204694E74046D1E7D0467BE794
:10087000023B614432E7304609E76444023842E70C
:10088000704700BF38B501F007FA01F0B7FB09F077
:100890005BFA054609F088FB044610BB134B9D42EA
:1008A00021D001339D4241F2883504BF0124002547
:1008B00001F0B6FC20B10025032000F069F82C46B9
:1008C000002009F04BFA0CB100F078F801F036FB8B
:1008D00000F026FD08B100F071F8284600F01CF980
:1008E000F9E70025E4E70546E2E700BF010007B0AD
:1008F00008B501F09DF9A0F120035842584108BD08
:1009000007B541F21203022101A8ADF8043001F04D
:10091000ADF903B05DF804FB38B5302383F31188DB
:10092000174803680BB108F0B5FB0023154A4FF4D4
:100930007A71134808F0A4FB002383F31188124C4A
:10094000236813B12368013B2360636813B16368B4
:10095000013B63600D4D2B7833B963687BB902208E
:1009600001F056FA322363602B78032B07D16368BA
:100970002BB9022001F04CFA4FF47A73636038BD52
:1009800078220020190900089823002090220020D6
:10099000084B187003280CD8DFE800F0080502089F
:1009A000022001F02BBA022001F01EBA024B0022F5
:1009B0005A6070479022002098230020F8B501F07B
:1009C0002FFC30B14B4B03221A7000224A4B5A6065
:1009D000F8BD4A4B4A4A1C4619680131F8D0043325
:1009E0009342F9D16268474B9A42F1D9464B9B68D2
:1009F00003F1006303F500339A42E9D2002001F0CD
:100A000065F90220FFF7C4FF404B00219A6C9964FE
:100A10001A6F19671A6FDA6CD9645A6F59675A6F6F
:100A20001A6D19659A6F99679B6F394BD3F88020BF
:100A300042F00062C3F88020D3F8802022F00062E8
:100A4000C3F88020D3F88020D3F8802042F00072D1
:100A5000C3F88020D3F8802022F00072C3F88020F1
:100A6000D3F8803072B64FF0E023C3F8084DD4E9D4
:100A70000004BFF34F8FBFF36F8F264AC2F8841074
:100A8000BFF34F8F536923F480335361BFF34F8F0C
:100A9000D2F8803043F6E076C3F3C905C3F34E3392
:100AA0005B0103EA060C29464CEA81770139C2F85A
:100AB0007472F9D2203B13F1200FF2D1BFF34F8FA4
:100AC000BFF36F8FBFF34F8FBFF36F8F536923F463
:100AD000003353610023C2F85032BFF34F8FBFF38E
:100AE0006F8F302383F31188854680F30888204771
:100AF0006EE700BF9022002098230020000002082B
:100B000020000208FFFF01080022002000450258D3
:100B10000044025800ED00E02DE9F04F93B0B44BD3
:100B20002022FF2100900AA89D6801F0B1F9B14A86
:100B30001378A3B90121B04811700360302383F307
:100B4000118803680BB108F0A5FA0023AB4A4FF4F3
:100B50007A71A94808F094FA002383F31188009B66
:100B600013B1A74B009A1A60A64A1378032B03D03F
:100B700000231370A24A53604FF0000A009CD34632
:100B80005646D146012001F039F924B19C4B1B682F
:100B9000002B00F02682002001F04AF80390039B0E
:100BA000002BF2DB012001F01FF9039B213B1F2BDF
:100BB000E8D801A252F823F0390C0008610C0008B3
:100BC000F50C0008850B0008850B0008850B000854
:100BD000870D0008570F0008710E0008D30E00089B
:100BE000FB0E0008210F0008850B0008330F0008DA
:100BF000850B0008A50F0008D90C0008850B00081C
:100C0000E90F0008450C0008D90C0008850B000806
:100C1000D30E0008850B0008850B0008850B000823
:100C2000850B0008850B0008850B0008850B000864
:100C3000850B0008F50C00080220FFF759FE00287C
:100C400040F0F981009B022105A8BAF1000F08BF0E
:100C50001C4641F21233ADF8143001F007F891E769
:100C60004FF47A7000F0E4FF071EEBDB0220FFF781
:100C70003FFE0028E6D0013F052F00F2DE81DFE8CD
:100C800007F0030A0D1013360523042105A8059368
:100C900000F0ECFF17E004215548F9E704215A4819
:100CA000F6E704215948F3E74FF01C08404608F1E5
:100CB000040801F00DF80421059005A800F0D6FF06
:100CC000B8F12C0FF2D101204FF0000900FA07F71C
:100CD00047EA0B0B5FFA8BFB01F026F926B10BF00C
:100CE0000B030B2B08BF0024FFF70AFE4AE7042181
:100CF0004748CDE7002EA5D00BF00B030B2BA1D15D
:100D00000220FFF7F5FD074600289BD001200026B2
:100D100000F0DCFF0220FFF73BFE1FFA86F840469A
:100D200000F0E4FF0446B0B1039940460136A1F15A
:100D300040025142514100F0E9FF0028EDD1BA468E
:100D4000044641F21213022105A83E46ADF81430C4
:100D500000F08CFF16E725460120FFF719FE244B13
:100D60009B68AB4207D9284600F0B2FF013040F043
:100D700067810435F3E70025224BBA463E461D70D5
:100D80001F4B5D60A8E7002E3FF45CAF0BF00B0338
:100D90000B2B7FF457AF0220FFF7FAFD322000F053
:100DA00047FFB0F10008FFF64DAF18F003077FF4DE
:100DB00049AF0F4A08EB0503926893423FF642AFF2
:100DC000B8F5807F3FF73EAF124BB845019323DD66
:100DD0004FF47A7000F02CFF0390039A002AFFF67C
:100DE00031AF039A0137019B03F8012BEDE700BFF8
:100DF00000220020942300207822002019090008F6
:100E000098230020902200200422002008220020A5
:100E10000C22002094220020C820FFF769FD07461D
:100E200000283FF40FAF1F2D11D8C5F120020AABE7
:100E300025F0030084494245184428BF42460192E8
:100E400001F000F8019AFF217F4801F021F84FEAF4
:100E5000A803C8F387027C492846019301F020F8D3
:100E6000064600283FF46DAF019B05EB830533E791
:100E70000220FFF73DFD00283FF4E4AE00F064FFE0
:100E800000283FF4DFAE0027B846704B9B68BB429A
:100E900018D91F2F11D80A9B01330ED027F0030356
:100EA00012AA134453F8203C05934046042205A996
:100EB000043701F03BF98046E7E7384600F008FFC9
:100EC0000590F2E7CDF81480042105A800F0CEFECD
:100ED00002E70023642104A8049300F0BDFE00286B
:100EE0007FF4B0AE0220FFF703FD00283FF4AAAE66
:100EF000049800F01FFF0590E6E70023642104A892
:100F0000049300F0A9FE00287FF49CAE0220FFF7B6
:100F1000EFFC00283FF496AE049800F00DFFEAE7DE
:100F20000220FFF7E5FC00283FF48CAE00F01CFF28
:100F3000E1E70220FFF7DCFC00283FF483AE05A9BF
:100F4000142000F017FF07460421049004A800F0C5
:100F50008DFE3946B9E7322000F06AFE071EFFF623
:100F600071AEBB077FF46EAE384A07EB0903926897
:100F700093423FF667AE0220FFF7BAFC00283FF429
:100F800061AE27F003074F44B9453FF4A5AE48468C
:100F900009F1040900F09CFE0421059005A800F069
:100FA00065FEF1E74FF47A70FFF7A2FC00283FF4EA
:100FB00049AE00F0C9FE002844D00A9B01330BD093
:100FC00008220AA9002000F06BFF00283AD0202256
:100FD000FF210AA800F05CFFFFF792FC1C4807F015
:100FE0007BFF13B0BDE8F08F002E3FF42BAE0BF06B
:100FF0000B030B2B7FF426AE0023642105A8059379
:1010000000F02AFE074600287FF41CAE0220FFF7FE
:101010006FFC804600283FF415AEFFF771FC41F2EB
:10102000883007F059FF059800F0C6FF46463C4659
:1010300000F07AFFA6E506464EE64FF0000901E60D
:10104000BA467EE637467CE6942200200022002045
:10105000A086010070470000704700007047000044
:101060002DE9F04100F58037044616463B7C5BB91C
:10107000C0681030204400F0E5FEE5683544B5F561
:10108000004FE56002D816B1BDE8F081DEB905F089
:101090007F0605F110000021C6F180062044F6B25B
:1010A00032462E4400F0F4FEA06804F110083246E7
:1010B00000F10060414600F5003008F0E5FB30B972
:1010C00001233B74E0E74FF400463546ECE7A268A5
:1010D00005F11001404632442144A260E268521BEF
:1010E000E26000F0AFFE0220BDE8F04100F090BEEB
:1010F000183000F0E9BC000010B5044603F0A4FB72
:10110000204610BD10B5044603F09EFB204610BDDE
:10111000C0B2A0F14103052B02D83738C0B27047E6
:10112000A0F16103052B94BF57383038F6E7000073
:1011300070B504461546084603220C4900F08CFEA3
:10114000014688B908346E1C15F91100FFF7E0FF5D
:10115000024616F911000131FFF7DAFF102940EAC3
:10116000021004F8010BEFD170BD00BF34BB0008C2
:101170002DE9F04FADF53F7D0746416801222AA8D1
:1011800005F044FA002840F08780064682468146F2
:101190001125DFF80C81DFF80CB101AB4FF4805260
:1011A00041462AA805F092FB002875D1019AB2F5B4
:1011B000805F71D8002A65D00446019A9442ECD22F
:1011C000282D0FD008DC132D2DD01E2D39D0112D38
:1011D00013D00134A4B2F0E7322D2DD0372D2FD00B
:1011E0002D2DF6D13B68121B08EB040138461B6914
:1011F0002D259847BDF80440EBE7121B022A09D9B8
:10120000594608EB040000F027FE18B902342825DF
:10121000A4B2DEE718F804303A2B3DD00A2B1CBFED
:10122000A1461325D5E718F804300A2B34D03A2B01
:1012300004BFA2463225CCE718F80430202BC8D0D2
:10124000264618F804300A2B1AD1AAEB090208EB3B
:10125000090102A811254F2A28BF4F220AF056FC87
:10126000A21B08EB060116A84F2A28BF4F220AF03E
:101270004DFC3B6816AA02A9DB6838469847A8E7E8
:101280001E25A6E73B68384604491B69984701209C
:101290000DF53F7DBDE8F08F0020F9E719BC00088F
:1012A000A023002038BB000800F1180110B5044647
:1012B00086B00846019100F0F1FB2046FFF758FF89
:1012C00060B1019902A800F049FC102204F1080164
:1012D00002A80AF0B9FBB0FA80F0400906B010BDD0
:1012E00070B504460025EEB2304600F0FFFC58B160
:1012F00000213046013500F009FD08B9002070BD1D
:10130000022000F085FDEEE72046FFF731FF0028C0
:10131000F4D004F58034207C80F00100EFE7000079
:10132000F0B5C9B008F028FD03F0AAFA18B90025F5
:10133000284649B0F0BD69462A4805F089FB0028D7
:101340004BD1294C204605F0B3FB284805F0B0FBF3
:10135000274805F0ADFB2146224805F025FC002872
:10136000E5D1702003F06AFA064610B1214B4460C3
:101370000360336830469B689847054600282ED0A6
:101380001A4F1948394605F00FFC05460028CED102
:10139000194803F053FA044638B1184B476003600C
:1013A00000F58033C0E902551D74236820469B6810
:1013B0009847054628B10E490C4805F0F5FB002872
:1013C000B5D1336830465B6898471CB12368204626
:1013D0005B68984703F03CFAAAE70025FAE7044661
:1013E000EFE700BF3CBB00084CBB000863BB000834
:1013F00079BB00089CBB000814000100B8BB0008C2
:101400002DE9F04FD44A8DB00B68D0F804A00193B9
:101410001A440368D14E1A44D1F81C90DFF8B4C3C3
:10142000DFF8B4B3D0E90234634003EA0A0363404F
:1014300013444A6802920AEB7363029CC84A22442E
:10144000C468224484688AEA04051D406540154446
:101450008A68039203EB3555039CC24A2244846890
:1014600022448AEA03042C4084EA0A041444CA6829
:1014700005EBF4340492164483EA050222405644F4
:101480005A4032440E69059604EBB222059FB64ECF
:101490003E441E4485EA040313406B4033444E69C6
:1014A000069602EB7363069FB04E3E442E4484EAD8
:1014B00002051D40654035448E69079603EB35559E
:1014C000079FAB4E3E44264482EA03042C4054401E
:1014D0003444A84E4E4405EBF434164483EA050226
:1014E00022405A4032440E6A089604EBB222089F0A
:1014F000A14E3E441E4485EA040313406B4033442E
:101500004E6A099602EB7363099F9C4ED1F830E056
:101510003E44D1F83880F3442E4484EA02051D404D
:10152000654035448E6AA6F5244703EB35550A9687
:101530004F3F274482EA03042C4054403C44CF6A86
:101540000B9705EBF4340B9E8D4F3744029E1744E6
:1015500083EA050222405A403A448A4F774404EB1A
:10156000B2221F4485EA040313406B403B444F6B97
:10157000BC4402EB7363654484EA020C0CEA030C7E
:101580008CEA040C6544DFF854C2C44403EB3555BF
:10159000A44482EA03042C4054406444D1F83CC083
:1015A000794905EBF4346144114483EA0502224091
:1015B0005A400A44754904EBB2223144079E19444B
:1015C00084EA02032B4063400B44714902EBF3634E
:1015D00031440B9E0D4482EA0301214051402944CD
:1015E0006C4D03EBF1513544019E254483EA01041F
:1015F00014405C402C44684D01EBB4443544069ED5
:10160000154481EA04021A404A402A44634D04EB1F
:10161000323235440A9E1D4484EA02030B40634083
:101620002B445F4D02EBF3633544059E0D4482EA83
:1016300003012140514029445A4D03EBF1516544C7
:10164000254483EA010414405C402C44564D01EBD0
:10165000B4443544099E154481EA04021A404A40C4
:101660002A44524D04EB32323544049E1D4484EA30
:1016700002030B4063402B444D4D02EBF3634544A2
:101680000D4482EA0301214051402944494D03EBB6
:10169000F1513544089E2C4483EA010515405D4014
:1016A0002C44454D01EBB4443544039E2A4481EA61
:1016B00004051D404D402A44404D04EB32323D4468
:1016C0002B4484EA020593440D4065402B443C4D75
:1016D00002EBF3633544069E294482EA0305254064
:1016E00055402944374D03EBF1514D442C4483EAD6
:1016F000010515405D40254401EBB54581EA05042F
:1017000004EA03024A405A44A6F5B82B089E05EBAA
:101710003232ABF2BE6B54405B4423442A4C344417
:1017200002EB33730B9E0C4485EA020159402144BD
:10173000264C344403EB7151029E254482EA030493
:101740004C402544224C444401EB3545144483EA83
:1017500001026A40224443E078A46AD7EECEBDC1BC
:1017600056B7C7E8DB702024AF0F7CF52AC6874741
:10177000134630A8019546FDD8988069AFF7448B91
:10178000BED75C892211906B2108B44962251EF6F0
:1017900040B340C0515A5E26AAC7B6E95D102FD6A5
:1017A0005314440281E6A1D8C8FBD3E7E6CDE1217A
:1017B000D60737C3870DD5F4ED145A4505E9E3A9DB
:1017C000F8A3EFFCD9026F6781F6718722619D6DE6
:1017D0000C38E5FD937198FD8A4C2A8D8E4379A6CD
:1017E000934C344405EB7222059E1C4481EA0503A8
:1017F000534023448F4C344402EB33730A9E0C4411
:1018000085EA0201594021448B4C4C4403EB715151
:10181000254482EA03044C402C44884D354401EBB6
:101820003444019E154483EA010262402A44844DF7
:101830003D4404EB72221D4481EA040353402B44CF
:10184000804D354402EB3373049E294484EA02053B
:101850005D4029447C4D354403EB7151079E25447E
:1018600082EA03044C402C44784D354401EB344467
:10187000099E2A4483EA010565401544744A3244AE
:1018800004EB7525039E134481EA04026A401A445E
:10189000704B734405EB32720B4484EA05015140EE
:1018A00019446D4B634402EB71511C4485EA0203F9
:1018B0004B401C44694B334401EB3444019E1D44AE
:1018C00082EA010363402B44654D04EB73233544E6
:1018D000069E154463EA010262402A44614D03EB0F
:1018E000B2624D4462EA040929445F4D89EA030962
:1018F000454449442C445D4D02EBB1513544049EAE
:1019000061EA03081D4488EA0208444401EB744478
:1019100064EA02034B402B44554D04EBF32375441A
:1019200063EA010E15448EEA040E0EEB0502514DDA
:1019300003EBB262354462EA040E29440A9D8EEA42
:10194000030EA5F580164C4D7144A6F6833602EBC6
:10195000B151264461EA030454403444029E01EB31
:101960007444354464EA02061D444E407319089ECF
:10197000424D04EBF323354463EA01061544664007
:1019800072193F4D03EBB262654462EA04062944D2
:101990003C4D5E403144079E02EBB151354461EA53
:1019A00003062C44384D56403D443444059E1D44A6
:1019B00001EB744464EA02034B402B44334D04EBC7
:1019C000F32335440B9E154463EA010262402A4426
:1019D0002F4D03EBB2623544039E0D4462EA0401CD
:1019E000594029442B4D02EBB15135442A4E254430
:1019F00061EA030454402C44099D01EB74442E44D5
:101A000064EA02051E4485EA01039D1903681A442D
:101A10000AEB040303EBF5230260436083681C4474
:101A2000C36819448460C1600DB0BDE8F08F00BF89
:101A300044EABEA4A9CFDE4B604BBBF670BCBFBE70
:101A4000C67E9B28FA27A1EA8530EFD4051D8804BD
:101A500039D0D4D9E599DBE6F87CA21F6556ACC431
:101A6000442229F497FF2A43A72394AB39A093FC7F
:101A7000C3595B6592CC0C8FD15D84854F7EA86F76
:101A8000E0E62CFE144301A3A111084E827E53F719
:101A900035F23ABDBBD2D72A91D386EB094B03600E
:101AA00003F18833436003F12943A3F59613A3F6AA
:101AB0008B638360A3F18833C3600023C0E90433E0
:101AC000704700BF012345672DE9F84314460269BA
:101AD00005460E46E300C2F3C50800F118079B183F
:101AE000036122BF43690133436112F4FC7F436900
:101AF00003EB5473436114D0C8F1400907EB0800AD
:101B00004C4504D22246BDE8F84309F0CFBF403C23
:101B10004A464E4409F0CAFF444439462846FFF776
:101B20006FFCA04606EB0409B8F13F0FA9EB0801D2
:101B30000AD94022384609F0B9FF39462846A8F1AB
:101B40004008FFF75DFCEFE7A1096FF03F02384660
:101B500002FB014206EB8111D5E7000070B50B696D
:101B600001F1180506460C46C3F3C503EA18501CDC
:101B70008022EA54C3F13F02072A1FD8002100F057
:101B800087F929462046FFF73BFC382200212846EA
:101B900000F07EF923692946204623656369636561
:101BA000FFF72EFC21461022304609F07FFF204629
:101BB00058220021BDE8704000F06AB9C3F1370235
:101BC0000021E5E72DE9F84F4FF47A7306460D46FC
:101BD000002402FB03F7DFF85080DFF8509098F9FB
:101BE00000305FFA84FA5A1C01D0A34210D159F890
:101BF00024002A4631460368D3F820B03B46D84734
:101C0000854205D1074B012083F800A0BDE8F88F7D
:101C10000134042CE3D14FF4FA7007F05DF9002091
:101C2000F4E700BFE433002010220020142200203B
:101C3000002307B5024601210DF107008DF807309A
:101C4000FFF7C0FF20B19DF8070003B05DF804FB6B
:101C50004FF0FF30F9E700000A46042108B5FFF70E
:101C6000B1FF80F00100C0B2404208BD074B0A46F8
:101C700030B41978064B53F82140014623682046BA
:101C8000DD69044BAC4630BC604700BFE433002044
:101C900014220020A086010070B50A4E00240A4DCF
:101CA00007F096FD308028683388834208D907F012
:101CB0008BFD2B6804440133B4F5003F2B60F2D355
:101CC00070BD00BFE6330020A033002007F05ABEED
:101CD00000F1006000F500300068704700F100601E
:101CE000920000F5003007F0CFBD0000054B1A68E8
:101CF000054B1B889B1A834202D9104407F064BD30
:101D000000207047A0330020E633002038B5044699
:101D1000074D29B128682044BDE8384007F06CBD64
:101D20002868204407F056FD0028F3D038BD00BFD6
:101D3000A03300200020704700F1FF5000F58F1005
:101D4000D0F8000870470000064991F8243033B1FC
:101D500000230822086A81F82430FFF7BFBF012062
:101D6000704700BFA4330020014B1868704700BFC4
:101D70000010005C194B01380322084470B51D683F
:101D8000174BC5F30B042D0C1E88A6420BD15C68C3
:101D90000A46013C824213460FD214F9016F4EB13C
:101DA00002F8016BF6E7013A03F10803ECD1814236
:101DB0000B4602D22C2203F8012B0424094A168870
:101DC000AE4204D1984284BF967803F8016B013C7F
:101DD00002F10402F3D1581A70BD00BF0010005C7C
:101DE00024220020F8BB0008022803D1024B4FF048
:101DF00080529A61704700BF00100258022803D138
:101E0000024B4FF480529A61704700BF0010025895
:101E1000022804D1024A536983F480535361704706
:101E20000010025870B504464FF47A764CB1412C3C
:101E3000254628BF412506FB05F0641B07F04CF83A
:101E4000F4E770BD002310B5934203D0CC5CC454BA
:101E50000133F9E710BD0000013810B510F9013F5A
:101E60003BB191F900409C4203D11AB10131013AD2
:101E7000F4E71AB191F90020981A10BD1046FCE75A
:101E800003460246D01A12F9011B0029FAD1704705
:101E900002440346934202D003F8011BFAE770475D
:101EA0002DE9F8431F4D14460746884695F824202F
:101EB00052BBDFF870909CB395F824302BB92022E8
:101EC000FF2148462F62FFF7E3FF95F824004146C3
:101ED000C0F1080205EB8000A24228BF2246D6B21C
:101EE0009200FFF7AFFF95F82430A41B17441E445F
:101EF0009044E4B2F6B2082E85F82460DBD1FFF7F7
:101F000023FF0028D7D108E02B6A03EB820383422A
:101F1000CFD0FFF719FF0028CBD10020BDE8F88310
:101F20000120FBE7A4330020024B1A78024B1A7001
:101F3000704700BFE433002010220020F8B5194C90
:101F4000194806F0D1FA2146174806F0F9FA246834
:101F50004FF47A70154ED4F89020154DD2F804380D
:101F6000114F43F00203C2F80438FFF75BFF20462D
:101F7000104906F0F3FBD4F890200424D2F804387A
:101F800023F00203C2F804384FF4E133336055F80C
:101F9000040BB84202D0314606F004FA013CF6D1F7
:101FA000F8BD00BFB0C9000818490020CC3300209C
:101FB00014220020B8C900080C4B70B50C4D044623
:101FC0001E780C4B55F826209A420DD00A4B002162
:101FD00018221846FFF75CFF0460014655F82600FA
:101FE000BDE8704006F0DEB970BD00BFE4330020EC
:101FF0001422002018490020CC3300202DE9F0479E
:1020000071B6464B01201D68454BB3F80080002394
:102010001A46194605F02EF90446802007F052FDB5
:102020000746002862D0002C60D03E4EADB24FF083
:10203000800A7369284643F0C0637361D6F814318F
:1020400043F0C063C6F8143107F0BEFB05EB08028D
:1020500000FB05F34FF4D06C50434FF03D0E984217
:1020600033D93269520144D4D6F81021510140D4F9
:10207000216803F100628A602268D7602268C2F892
:1020800004A02268C2F800C0D4F80090D9F800205B
:1020900042F00102C9F80020D4F80090D9F80020DD
:1020A00022F01E02C9F80020D4F80090D9F80020D0
:1020B000D207FBD494F80C90803361680EFA09F2D1
:1020C0000A60CCE7002007F05DFC204605F008F927
:1020D000384607F033FD134B5A6942F0C0625A612B
:1020E000D3F8142142F0C062C3F8142161B6BDE8F0
:1020F000F0870D4B9A6A42F400729A629A6A42F42F
:1021000000429A6261B60026012007F03BFCB04510
:10211000D8D9A819013607F06FFBF8E7A0330020E3
:10212000E63300200020005200ED00E030B50A4404
:10213000084D91420DD011F8013B5840082340F35F
:102140000004013B2C4013F0FF0384EA5000F6D159
:10215000EFE730BD2083B8ED30B5002489B00B4DDA
:102160001C22214601A80094FFF792FE2022694616
:10217000281909F069FC30B92034B4F5A07FF5D1F5
:10218000012009B030BD0020FBE700BFE8020008D5
:102190002DE9F047D8B004460D4616461F46FFF716
:1021A000DBFF90BBA369482B31D1082204F11C014D
:1021B000184809F049FC50BB8246DFF85C80DFF824
:1021C0005C904FF4B07200216846FFF761FE08EBA7
:1021D0000A0204F12401684602F0F4F92A4649464D
:1021E000684602F0F5F968463A46314602F0F0F9E1
:1021F000684602F0EFF928B10AF1200ABAF5A07F8B
:10220000DFD1122058B0BDE8F0870020FAE7112096
:10221000F8E700BF1CBC0008E80200080000020844
:10222000404A2DE9F34110686B4651686A4603C382
:1022300008233D493D4809F017FC0446002836D1E3
:102240000A24FFF789FF002867D0394A6B461068D7
:1022500051686A4603C308233649344809F004FC30
:102260000546002859D00369B3F5F01F55D8418BB6
:1022700042F63732914250D12F4A024402F1100106
:102280008B424AD3103B294900209E1AFFF74EFF8C
:1022900005F11801074632460020FFF747FFAB68FB
:1022A0009F423AD1EB68984208BF002435E00369A9
:1022B000B3F5F01F01D90B24C3E7B0F8661042F65E
:1022C0003732914201D00C24BBE71B4E064406F185
:1022D0005C02934201D21024B3E75C3B00F1640737
:1022E000324612499D1B0020FFF720FF39468046E9
:1022F0002A460020FFF71AFFA368984501D00D2455
:102300009FE7E3689842FAD120462B463A46314689
:10231000FFF73EFF0446002893D1204602B0BDE8F7
:10232000F08100BF08BC000890FF1D0000000208FB
:1023300011BC0008DCFF1D000800FEF7837842781E
:102340001B04007843EA0223184370470068704773
:1023500008B50246FFF7FAFF0346101DFFF7F6FF28
:102360000146184608BD00000B0A017043700B0CB3
:10237000090E8370C170704708B501EB8202031F1C
:1023800008460431FFF7E2FF43F8040F9142F7D10A
:1023900008BD000010B500EB82020C1F54F8041FAA
:1023A000FFF7E2FF04309042F8D110BD2DE9F04173
:1023B00088460546FFF7CCFF06460C464046FFF729
:1023C000C7FF464005F108004C40FFF7C1FF074634
:1023D0000D4608F10800FFF7BBFF78406940304325
:1023E0002143BDE8F0810000F8B506460F46FFF72F
:1023F000DDFF05460C4606F1100007F11001FFF75E
:10240000D5FF28432143F8BD2DE9F04F0368B7B04D
:10241000384CC1F1000A1A93436837491B9383680B
:10242000364D1C93C368364F1D930369DFF8F8B02F
:102430001E9343698AEA0B0B324E1F938369DFF8C0
:10244000ECE02093C369DFF8E8C02193036A22938C
:10245000436A2393D0E9102362402B4C05922B4A08
:1024600053400693836A2493C36A2593D0E91223C9
:1024700062400D92264A5340264A0E93036B009207
:102480002693436B279381EAEA7320991793836B12
:1024900018912893C36B289A299300F15003119245
:1024A000299A21991292269A19910792279A1E9990
:1024B0000892249A159103921F99259A16910492D5
:1024C000DDE922421C990F911D9910911A990991E9
:1024D0001B990A911049CDE9015101F14F7101F5A4
:1024E000D341583113910D4914910D49CDE90B7128
:1024F0000C4F1FE0D182E6ADABD9831F79217E134B
:102500002BF894FE85AE67BB1F6C3E2B7F520E519D
:102510008C68059BBCC0000819CDE05B3AF54FA55F
:1025200072F36E3C3BA7CA846BBD41FB08C9BCF388
:1025300067E6096A0099097803EBC10553F8311081
:102540006D68611842EB0508099D49190A9D45EB24
:102550000808059D81EA0509069D88EA050A1AEB27
:102560000E0E4CEB090C8EEA04048CEA0202250ED6
:1025700045EA0225120E42EA0422009C6478099280
:1025800003EBC40253F834405268091948EB0208BF
:102590004A190592099A48EB02020692059A82EAC4
:1025A0000A0A069A4FEA1A4182EA090941EA0942EF
:1025B00009994FEA1949349249EA0A423592349A04
:1025C0001EEB02022A92359A4CEB02022B922A9AB7
:1025D00055402B9A51400A46490041EAD5716D0099
:1025E000339145EAD2723292009A927803EBC2019B
:1025F00053F832204968039C0D9DA218049C44EBBB
:10260000010E0F9912EB010A1099009A41EB0E0E80
:102610000E9985EA0A058EEA0108039918EB070767
:1026200046EB050687EA010C74404FEA1C6141EA5B
:102630000421240E44EA0C2492F803C003EBCC09D5
:1026400053F83CC0D9F804901AEB0C024EEB090E7B
:1026500052180D924EEB04020E920D9A82EA08086F
:102660000E9A55404FEA184242EA05422D0C30922C
:1026700045EA08423192309ABA182C92319A46EBC8
:1026800002022D922C9A51402D9A5440620042EA47
:10269000D1724900099241EAD4720492009A1279E7
:1026A00003EBC20153F832204D6807998A18089944
:1026B00041EB050515995218169941EB0505179937
:1026C00082EA0B04039285EA010A0B99009A1AEB3D
:1026D00001060C9992F805E041EB040B079953F8B9
:1026E0003E8086EA010C0899039A8BEA01074FEABB
:1026F0001C6112EB080241EA07214FEA176747EA1B
:102700000C2703EBCE0CDCF8049045EB09055218BE
:10271000159245EB07021692159A82EA0A0A169A52
:102720004FEA1A49544049EA0442240C2E9244EAE2
:102730000A42119C2F922E9AB6182F9A4BEB020B3D
:1027400071408BEA07077A0042EAD1724900089289
:1027500041EAD7720792009A917903EBC10253F8CC
:10276000311052686118129C44EB0208189A8918BB
:10277000199A42EB0808019A029C4A40129F88EA83
:10278000040E139C1EEB0405149C44EB0209119CDF
:102790006C4089EA070C270E47EA0C274FEA1C6CAD
:1027A0004CEA042C009CE47903EBC40A53F834404F
:1027B000DAF804A00919059C48EB0A08C919179111
:1027C00048EB0C011891179981EA0E0E18994FEAFF
:1027D0001E4A4A404AEA024A120C15EB0A0542EA2E
:1027E0000E4E87EA050749EB0E0989EA0C0C4FEA01
:1027F0004C0848EAD7727F00129247EADC721192C5
:10280000009A117A03EBC10253F831105268611833
:10281000069C44EB0208049A8918099A48EB0208BE
:1028200081EA0A0A049A88EA0E0E1EEB06064BEBB2
:102830000A0B86EA0204099A270E8BEA020247EA8B
:1028400002274FEA126C009A527A4CEA042C03EBEE
:10285000C20453F832206468891848EB0408CA1986
:10286000099248EB0C020A92099A8EEA020E0A9A21
:102870008AEA020A4FEA1E4242EA0A424FEA1A4A2A
:1028800001924AEA0E420292019A92190B92029A1E
:1028900042EB0B020C920B9A57400C9A8CEA020CFA
:1028A0004FEA4C0444EAD772359C7F00049247EA11
:1028B000DC720392009A927A03EBC20153F8322041
:1028C0004E680D998A180E9941EB0606079912EB8E
:1028D00001080899009A46EB0106349986EA040A31
:1028E00088EA0101079C1AEB050549EB010985EA15
:1028F000040C089C89EA04074FEA1C6444EA072494
:102900003F0E47EA0C2792F80BC003EBCC0E53F8AE
:102910003CC0DEF804E018EB0C0246EB0E06121980
:102920000F9246EB070210920F9A8AEA020A109A57
:1029300051404FEA1A4242EA0142090C059241EA2B
:102940000A420692059A52191392069A42EB09021C
:102950001492139A5440149A57407A0042EAD4725F
:102960006400089244EAD7720792009A127B03EB44
:10297000C20153F832204D6815998A18169941EB17
:102980000505119912EB010A1299009A45EB010510
:1029900030998AEA0106319985EA01072A9911EBF3
:1029A000070E2B9941EB060C11998EEA010412993E
:1029B0008CEA0108210E41EA08214FEA186848EA2A
:1029C000042492F80D8003EBC80953F83880D9F835
:1029D00004901AEB080245EB09055218159245EBD5
:1029E00004021692159A5740169A56403A0C42EA3B
:1029F0000642360C0D9246EA07420E920D9A12EBF1
:102A00000E0E0E9A42EB0C0C81EA0E0184EA0C04C5
:102A10004FEA440A4AEAD1724900129241EAD4725A
:102A2000179C1192009A917B03EBC10253F831106D
:102A300052686118189C44EB0208329A009C89186D
:102A4000339AE47B48EB02082E9A81EA02092F9A16
:102A500088EA020A2C9A12EB0A072D9A42EB090621
:102A6000329A87EA020B339A4FEA1B65724045EAB5
:102A70000225120E42EA0B2203EBC40B53F834403A
:102A8000DBF804B0091948EB0B084919189148EB19
:102A90000201199118998AEA010A199989EA01092A
:102AA0004FEA1A4141EA094B4FEA19491BEB070764
:102AB00049EA0A4185EA070541EB0606179182EAD1
:102AC00006014A0042EAD5726D0045EAD1740099C8
:102AD00010310091009D3949A9427FF42BAD099B2B
:102AE0000C9D83EA0E010A9B83EA0C081A9B59404D
:102AF0001B9B88EA0303C0E900130F9B13997B40DB
:102B00001F46109B73401E461C9B5F401D9B5E40F2
:102B1000159BC0E902760B9E5E40169B5D401E9B96
:102B20005E401F9B5D40189BC0E904655940199D9C
:102B3000149B83EA0508209B5940219B88EA0303E4
:102B4000C0E90613059B83EA0409069B83EA020A8F
:102B5000229B89EA0304239B8AEA0302C0E9084214
:102B6000039B0D9A049C83EA020C0E9B259A5C4001
:102B7000249B12998CEA03035440179AC0E90A3443
:102B8000079B83EA0B04089B83EA020A269B5C40AE
:102B9000279B8AEA0302119BC0E90C42019A5A4022
:102BA000029B83EA010A289B5A40299B8AEA030375
:102BB000C0E90E2337B0BDE8F08F00BF7CC100082C
:102BC00070B505460E46144622B980222146503083
:102BD000FFF75EF924F00700E40004F0380428440D
:102BE000A4F12003C4F1200206FA04F406FA03F368
:102BF00026FA02F21343D0E9146234431343C0E9C6
:102C0000144370BD28220021FFF742B9012324227A
:102C1000002140F8043BFFF73BB90000002351F8C6
:102C2000232040F8232001330A2BF8D170470000FD
:102C3000002351F82320524240F8232001330A2B6D
:102C4000F7D17047002330B551F8234052F8235094
:102C50002C4440F8234001330A2BF5D130BD00004D
:102C6000002330B551F8234052F82350641B40F83C
:102C7000234001330A2BF5D130BD000030B552425C
:102C8000041F0439243054F8045F51F8043F84428F
:102C900083EA050303EA020383EA05032360F2D112
:102CA00030BD00002DE9F04F8BB0044608460025EA
:102CB000FFF74CFB0190081DFFF740FB8301C81D87
:102CC0000093FFF73BFB4FEA401A01F10A00FFF7C0
:102CD00035FB4FEAC00B01F10D00FFF72FFB86001B
:102CE00001F11000FFF732FB814601F11400FFF7FC
:102CF00025FB4FEAC01801F11700FFF71FFB470142
:102D000001F11A00FFF71AFB030101F11D00049302
:102D1000FFF714FB019A6C4B03EA800312F1007079
:102D200005934FEA906045F1000340EA83109B163B
:102D300081064FEA901C521A06926CEB4C020792E5
:102D4000009A101843F1000216F1007C45F10001D1
:102D50004FEA9C6C4CEA811C89164FEA8C634FEA5F
:102D60009C15F31A65EB450619EB0C0941F10001BE
:102D700010F1807C42F100054FEA5C6C4CEAC51C06
:102D80006D161AEB0C0AA0EB4C6245F1000519F127
:102D9000807008924FEA506041F1000240EAC21090
:102DA0005216A9EB4061099118EB0001009142F124
:102DB00000021AF1007145F10005890E41EA851102
:102DC000AD161BEB01004FF0130B019045F1000510
:102DD000009810F1007042F10002800E40EA82106B
:102DE00092163F18029742F10002019F17F1807E70
:102DF00045F100054FEA5E6E4EEAC51E029D13EBDB
:102E00000E0346F1000615F18077049D42F10002A1
:102E10007F0E039347EAC2175216ED1942F10002E2
:102E200013F1007C049546F100064FEA9C6C069B6A
:102E30004CEA861C15F10076059D42F10002B60EA3
:102E400046EA8216921615EB060942F1000219F1C4
:102E5000807542F100026D0E45EAC215A5FB0B2BF1
:102E6000A9EB4565D218079B4BEB030B12F10078D9
:102E7000089B4BF1000B4FEA986848EA8B18A2EBCD
:102E80008862226013EB08026260AAEB8162A26092
:102E9000019B6562A3EB4E61039BA3EB8C63E16036
:102EA0002361099B13EB0C036361009BA3EB80631D
:102EB000A361029BA3EB4760049BA3EB8666E061E2
:102EC00026620BB0BDE8F08FFCFFFF012DE9F04F4B
:102ED0000D688BB00C694FF0130B82FB055C82FB15
:102EE000044615F100774CF1000ABF0E47EA8A1735
:102EF0004FEAAA680AF07C4ABB064AEA971AEB1A1C
:102F00004D6806936CEB0A0314F1007CC2FB057854
:102F1000079346F1000E4FEA9C6C4D694CEA8E1CFB
:102F20004FEAAE6A0EF07C4E4FEA8C634EEA9C1E6E
:102F3000C2FB05CAE41A66EB0E0E17F1807548F164
:102F400000086D0E45EAC8154FEA6863A7EB4566B1
:102F50008F6808961CF18076C2FB07534AF1000A7D
:102F6000760E15F1007946EACA1643F100034FEADE
:102F70009969ACEB466749EA831909974FEA6A6A8F
:102F80008F699B16A5EB8965C2FB076ACF6801961E
:102F90004E46C2FB07630296019ECF6916F1007C84
:102FA0004AF1000A4FEA9C6C4CEA8A1C4FEAAA6A72
:102FB0006646C2FB076A0396029E16F1807843F1CB
:102FC00000034FEA586848EAC31814EB08044EEBB4
:102FD0006366039B13F180770B6A496A4AF1000A22
:102FE0007F0E856047EACA174FEA6A6ABE46C2FB8F
:102FF00003EACDF810E014F1007E46F100034FEA39
:103000009E6E4EEA831E049B13F10076A4EB8E6441
:103010004AF10003B60E46EA83169B16B246C2FB7F
:1030200001A31AF18071CDF814A043F10003490EF9
:1030300041EAC3115B16A1FB0B2A0BFB03AA069BFB
:10304000D218079B4AEB030A12F100734AF1000AF7
:103050009B0E43EA8A13A2EB83620260089AD3189C
:103060004360029BA3EB4863C3600461099B13EBBD
:103070000E034361019BA3EB8C638361039BA3EB72
:103080004767049BA3EB8666059BC761A3EB416181
:10309000066241620BB0BDE8F08F00002DE9F04FF1
:1030A000A5B04FF0130E8146D1E90053D2E9008458
:1030B00008938B680EFB04F00193CB680993D1E968
:1030C00004C30A93D1E906730B93D1E908630C9307
:1030D00093680293D36804931369069353690D931D
:1030E00093690F93D3691693136A1893536A1993CC
:1030F000089B5B001093099B5B0011930A9B5B008C
:1031000012930B9B5B0013930C9B5B001493029B2D
:103110000EFB03F31A93049B0EFB03FB069B0EFBB3
:1031200003F317930D9B0EFB03F315930F9B0EFBFD
:1031300003F30E93169B0EFB03F30793189B0EFBF2
:1031400003F30593199B0EFB03F30393039A109B60
:1031500083FB021A019B1A46059BC5FB081AC2FB9A
:10316000031A119B1A46079BC2FB031A0E9BCCFB4A
:10317000031A129B1A46159BC2FB031A179B039A4C
:10318000C7FB031A139BC3FB0B1A1A9BC6FB031A3C
:10319000149BC3FB001A089B1B9188FB0330019909
:1031A000C5FB0430C2FB013005990A460999C2FBF0
:1031B00001300799C1FB0C300E990A460A99C2FBEF
:1031C00001301599C1FB073017990A460B99C2FBCC
:1031D00001301A99CBFB063002460C98C1FB003235
:1031E0001A93109B029983FB04301C92C5FB01309B
:1031F0000199039AC8FB01301199C2FB013005996E
:10320000C1FB0C3007990A461299C2FB01300E9996
:10321000C1FB073015990A461399C2FB0130179973
:10322000C1FB06301499CBFB01300299CDE91D306A
:10323000089B83FB01B0049B0A99C5FB03B0019B6B
:10324000C3FB04B0099BC8FB03B0039BC3FB0CB0DA
:10325000059BC3FB01B0079B0B99C3FB07B00E9BFB
:10326000C3FB01B017990C9BC2FB06B0C1FB03B0B6
:10327000109B0499209083FB01310698CDF87CB017
:10328000C5FB0031019802460298C2FB003111983B
:10329000039AC0FB04311298C8FB0C31C2FB003109
:1032A0000598C0FB0731079802461398C2FB00310E
:1032B0000E98C0FB0631159802461498C2FB0031E7
:1032C00006981593089B0D9A83FB00031791C5FB85
:1032D0000203019A9346049ACBFB0203099A934690
:1032E000029ACBFB02030A9ACCFB0403C8FB02033D
:1032F000039AC2FB0703059A93460B9ACBFB020382
:10330000079AC2FB06030E9A93460C9ACBFB020364
:103310000D9A2193109B0E9083FB02030F9AC5FB1D
:103320000203019A9346069ACBFB0203119A934635
:10333000049ACBFB0203029ACCFB0203129AC2FB53
:103340000403139A0399C8FB0703C1FB0203059A00
:10335000C2FB0603079A9346149ACBFB02030F9A0B
:103360002293089B079083FB0203169AC5FB020376
:10337000019A93460D9ACBFB0203099A9346069A4B
:10338000CBFB0203049ACCFB02030A9A9346029AEF
:10339000CBFB02030B9AC7FB0403C8FB0203059A8D
:1033A000C1FB060393460C9ACBFB0203169A2393A8
:1033B000109B059083FB0203189AC5FB0203019A38
:1033C00093460F9ACBFB0203119A93460D9ACBFBBF
:1033D0000203069ACCFB0203129A9346049ACBFB93
:1033E0000203029AC7FB0203139AC2FB0403149A56
:1033F000C8FB0603C1FB0203189A1193089B1090A7
:1034000083FB023219981799C5FB003201981546C3
:10341000169AC0FB0235099A0F98C2FB00350D9A27
:103420000698CCFB02350A9AC2FB0035049A029832
:10343000C7FB02350B9A159FC2FB00350C98C6FBE3
:1034400004352A461B9CC8FB003206931B9B08923E
:1034500013F100764AF10000B60E46EA801600F03D
:103460007C43B20643EA9613A21A6AEB030309925D
:103470000A931A9B9E191C9B43EBA060159B13F1AA
:103480000075179B4FEA956543F1000345EA8315E4
:1034900003F07C44AA0644EA9514BA1A61EB0401CD
:1034A0000E9C6519219C44EBA36316F1807440F1D6
:1034B0000000640E44EAC014A6EB44660B961D9E01
:1034C000341901941E9C44EB606015F1807443F143
:1034D0000003640E44EAC314A5EB44650C95079DF4
:1034E0002C190294229C44EB6363019C14F1007438
:1034F00040F100004FEA94681F9C48EA801814EBE2
:10350000080B209C44EBA060029C14F10076059C03
:1035100043F10003B60E46EA831614EB060A239C19
:1035200044EBA3631BF1807C40F100004FEA5C6C2C
:103530004CEAC01C12EB0C0241EB60611AF1807581
:10354000109843F100036D0E039245EAC31540192C
:10355000AAEB45650490119840EB636312F1007784
:1035600041F10001BF0E47EA8117049911F100747F
:10357000069943F10003A40E44EA83140919059146
:10358000089941EBA363059911F1807043F10003A1
:10359000400E40EAC3105B16A0FB0E120EFB032385
:1035A000099A89180A9A43EB020311F1007E43F14C
:1035B00000034FEA9E6E4EEA831E0B9B13EB0E0335
:1035C000A1EB8E61C9F80430019BC9F80010A3EB90
:1035D0008863C9F80830ABEB4C63C9F80C30039B27
:1035E000A3EB8762C9F810200C9BC9F81C50DF19A7
:1035F000029BA3EB8666049BC9F81470A3EB84645A
:10360000059BC9F81860A3EB4060C9F82040C9F8D1
:10361000240025B0BDE8F08F2DE9F04F95B082462B
:103620004FF02608D1E90262D1E9003008924FEA52
:10363000400B4FEA430ED1E904720392D1E90652DE
:1036400004920A6A05924A6A13210992720006924C
:10365000089A52000192039A52000292049A520070
:103660000A9201FB05F20B92049A08FB02F2079200
:10367000059A01FB02F9099A039908FB02F208FB7B
:1036800001F88BFB021CC3FB031C7300C3FB091C6A
:10369000019B1C46079BC4FB031C0B9C7B00C3FBCC
:1036A000041C039BC3FB081C82FB06380C91019988
:1036B000CEFB0038C9FB01380799C1FB07380299D6
:1036C0000C460B99C1FB04380D938BFB003101981C
:1036D000CEFB0631C2FB00317800C9FB00310798F0
:1036E00004460298C4FB00310B98C0FB05310898D2
:1036F0000E910B938BFB0631CEFB00310298C2FB7F
:103700000731C9FB0031C4FB0531CDE90F31019B05
:10371000680002998BFB0334CEFB0734C6FB0634EA
:10372000C2FB01340799C9FB00340498C1FB003483
:103730008BFB07160793039B0898C3FB0E16069B8B
:10374000C3FB00160A98C2FB05160B463146C9FB9F
:103750000031CDE91131029B8BFB0310069BCEFBA0
:103760000510C3FB0710019B1E46089BC6FB0310F8
:103770000A9BC2FB0310059B0E46C9FB03608BFB33
:1037800005130896049ECEFB0613069EB146039EC3
:10379000C9FB0613019EC6FB0713059E89460699C1
:1037A000C2FB069313930A9BCDF80C908BFB0393FB
:1037B000CEFB0693C1FB0593DDE90116C1FB069321
:1037C0000999C7FB0793C2FB01930A93059B0E4619
:1037D0008BFB0312069BCEFB0612049EC3FB061254
:1037E000019BC3FB0512029D0E461346C7FB0563F2
:1037F00006930C9B0C9D13F1007E05964CF1000185
:103800004FEA9E6E4EEA811E01F07C434FEA8E62C3
:1038100043EA9E13AD1A6CEB03030995079D0C93C5
:103820000D9B13EB0E0E079B48EBA16813F1007C78
:1038300044F100034FEA9C6C4CEA831C03F07C418A
:103840004FEA8C6241EA9C11AA1A64EB01041199B7
:1038500011EB0C0C129941EBA3631EF1807648F139
:103860000001760E46EAC116AEEB466507950B9D44
:10387000AD1901950E9D45EB61611CF1807E43F110
:1038800000064FEA5E6343EAC613ACEB43650B9553
:10389000089DEB18029340EB6663019810F10076E7
:1038A0000F9841F100014FEA966848EA811810EB41
:1038B000080B109840EBA161029810F1007643F1DB
:1038C0000000B60E039B46EA80169B190393139BD8
:1038D00043EBA0631BF1807C41F100004FEA5C6C7C
:1038E0004CEAC01C12EB0C0244EB6061039804929A
:1038F00010F180750A9843F100036D0E45EAC31577
:1039000019EB050940EB636312F100774FF01302E6
:1039100041F1000119F100744FEA976743F1000388
:10392000A40E47EA8117059944EA83140919A9EB03
:1039300084640591069941EBA363059911F18070A8
:1039400043F10003400E40EAC3105B16A0FB021EC9
:1039500002FB03E3099A89180C9A43EB020311F165
:10396000007E43F100034FEA9E6E4EEA831E079BE2
:1039700013EB0E03A1EB8E61CAF80430019BCAF869
:103980000010A3EB8863CAF80830ABEB4C63CAF8AD
:103990000C30049BA3EB87620B9BDF19CAF8102045
:1039A000CAF81470029BCAF82040A3EB8666039BFA
:1039B000A3EB4565059BCAF81860A3EB4060CAF805
:1039C0001C50CAF8240015B0BDE8F08F0029A1BF33
:1039D000CB1001F00701C05C40FA01F1ACBF01F06F
:1039E000010000207047000070B500F11C02041FA8
:1039F000084E0120002556F8041B54F8043FC94323
:103A00005B1845EB05011B1841F10000A242F2D101
:103A100070BD00BF24BC0008F8B500240646084667
:103A20000D46FFF7E1FFDFF834C00246C117C0F1D1
:103A3000000E20465CF8043B55F824702EEA030380
:103A4000DB1940EB00079B1846F8243004F1010411
:103A500041EB07020021082CECD1F8BD24BC000882
:103A600010B50446FFF7CEF804F12800FFF7CEF8B2
:103A700004F15000FFF7CAF804F17800BDE81040E7
:103A8000FFF7C0B838B50A4605460C462831FFF79F
:103A9000D9F82830FFF7E4F804F1500105F150009F
:103AA000FFF7BCF804F1780105F17800024ABDE89F
:103AB0003840FFF7F3BA00BF6CBC00082DE9F043B3
:103AC00095B0044616460D460A466846283104F16C
:103AD0002808FFF7B7F80AA8FFF7C2F83246694688
:103AE0006846FFF7DBFA0AA906F1280204F150073D
:103AF000084604F17809FFF7D1FA0AAA6946404658
:103B0000FFF7A0F82046FFF7ABF805F15002384662
:103B10001146FFF797F806F150023946FFF7BEFA53
:103B200006F1780205F178014846FFF7B7FA4A46F0
:103B300039466846FFF786F80AA8FFF791F842462B
:103B400021464846FFF7AAFA0AAA21462046FFF76F
:103B5000A5FA6A4641464046FFF7A0FA0AAA694616
:103B60003846FFF79BFA15B0BDE8F0832DE9F84F12
:103B70000A9E1C460546904618460F460A462831BE
:103B8000FFF760F8304605F1280AFFF769F842466A
:103B90002146204605F15009FFF780FA08F1280276
:103BA00031463046FFF77AFA324621465046FFF753
:103BB00049F82846FFF754F807F1500205F1780B51
:103BC00048461146FFF73EF808F1500207F1780128
:103BD0005846FFF763FA5A4649462046FFF732F83F
:103BE0003046FFF73DF8524629465846FFF756FA49
:103BF000324629462846FFF751FA2246514650469A
:103C0000FFF74CFA324621464846BDE8F84FFFF729
:103C100045BA00002DE9F04714468946074610468C
:103C200004F1280809F1280A04F15005FFF7F4FC13
:103C300051464046FFF7F0FC09F15001284604F1D7
:103C40007806FFF7E9FC294628460222FFF73EF9ED
:103C5000494607F1780952463046FEF7F3FF3146F0
:103C60004846FFF7D9FC224641463046FEF7EAFFB8
:103C70004046FEF7F5FF324649462046FEF7F0FF84
:103C8000424629462846FEF7EBFF2A46214638469B
:103C9000FFF704FA4246314607F12800FFF7FEF924
:103CA0002A46414607F15000FFF7F8F9324621460F
:103CB0004846BDE8F047FFF7F1B9000038B5FC22EF
:103CC00004460D4611462846FFF780FE08B9013A22
:103CD000F8D14FF6FF7301322380E270A37038BD34
:103CE0002DE9F84F9846C37805460E4693420CD10D
:103CF00011464046571EFFF769FE044640463946C6
:103D0000FFF764FE844209D1EF70B5F900309342A9
:103D10000CBF95F902000020BDE8F88F511C4FF050
:103D200000098E42A8BF0E4606F1FF3A971B04FA1F
:103D30000AF4BB466442CA450BF1010B09DD594642
:103D40004046FFF743FE00FA09F009F10109044477
:103D5000F1E739464046FFF739FE04446342234009
:103D600013F0AA0F14BF0120002013F0CC0118BFDC
:103D7000022113F0F00340EA010018BF0423511C94
:103D800003438E1B1E4444FA03F32E80AB70BBE743
:103D9000D0E9103210B5D0F8D04000211B1952F1F3
:103DA000000228BF0121C0E9103231B1D0E912323E
:103DB000013342F10002C0E9123210BD70B50D4668
:103DC000A0F1080600F1780428460835FEF7C0FA8D
:103DD000E6E90201A642F7D170BD0000F8B504463D
:103DE0000D468E180027B54218D0D4F8D030802B5D
:103DF00007D12046FFF7CCFF0021FEF705FBC4F8F2
:103E0000D070D4F8D020204615F8011BFEF7D8FE5C
:103E1000D4F8D0300133C4F8D030E4E7F8BD000066
:103E200008B5FEF7E1FA0843B0FA80F0400901381E
:103E300008BD000000231A468B4202D0C254013351
:103E4000FAE7704770B59EB005460C4604266846F2
:103E5000FFF7E2FB69460AA8FFF7DEFB0AA908465E
:103E6000FFF7DAFB0AAA21461046FFF717F90AAA5C
:103E700069466846FFF712F969466846FFF7CCFBCA
:103E80006A460AA96846FFF709F969460AA8FFF7D2
:103E9000C3FB0AA90846FFF7BFFB013EF9D16A46FA
:103EA0000AA968460926FFF7F9F869460AA8FFF744
:103EB000B3FB0AA90846FFF7AFFB013EF9D10AA9F7
:103EC0006A4613260846FFF7E9F80AA914A8FFF77F
:103ED000A3FB14A90846FFF79FFB013EF9D10AAAEC
:103EE00014A909261046FFF7D9F80AA90846FFF7D2
:103EF00093FB0AA90846FFF78FFB013EF9D16A46FA
:103F00000AA968463126FFF7C9F869460AA8FFF7EB
:103F100083FB0AA90846FFF77FFB013EF9D10AA9F6
:103F20006A4663260846FFF7B9F80AA914A8FFF7FE
:103F300073FB14A90846FFF76FFB013EF9D10AAAEB
:103F400014A931261046FFF7A9F80AA90846FFF779
:103F500063FB0AA90846FFF75FFB013EF9D16A46F9
:103F60000AA96846FFF79AF869466846FFF754FBC6
:103F700069466846FFF750FB224669462846FFF728
:103F80008DF828216846FFF755FF0DEB0100FFF77C
:103F900051FF14A8FFF74EFF1EB070BD10B58CB0D6
:103FA000044602A80191FFF74DFF02A90846FFF75A
:103FB00033FB02A90846FFF72FFB02A9019A084626
:103FC000FFF76CF802A90846FFF726FB019A02A941
:103FD0002046FFF763F8282102A8FFF72BFF0CB05B
:103FE00010BD000070B58AB002460B4601F12806EC
:103FF0006D461868083353F8041C2C46B34203C4BA
:104000002546F6D11321099B684600244B43694697
:1040100003F180735B160568013408302B4450F8B7
:10402000045C052C05EBA3634FEA6363F3D1132013
:10403000002443430868013408310344052C23F06D
:104040007C4041F8080C51F8040C00EBA3604FEAE7
:10405000606320F07E4041F8040CEBD11046DDE9AE
:10406000003143EA8161FEF77FF90299019B101D3F
:10407000C90441EA9311FEF777F90399029B02F113
:104080000800490341EA5331FEF76EF90499039B96
:1040900002F10C00890141EAD341FEF765F902F112
:1040A0001000DDE9053143EA4161FEF75DF907994A
:1040B000069B02F11400C90441EAD311FEF754F93A
:1040C0000899079B02F11800090341EA5331FEF7F2
:1040D0004BF90999089B02F11C00890141EA13512F
:1040E000FEF742F928216846FFF7A4FE0AB070BD2A
:1040F0002DE9F04F2DED028B9DB00C46642200217E
:1041000008EE100A03A8FDF7C3FE0DF10C0800220B
:10411000DFF8E0E0414604F13C099246CDF800802A
:104120005EF8043B251F8C4600269846284650F82A
:10413000047FD346DCF800300197019FE8FB073B82
:104140009B194BF1000681454CF8043BEFD101323D
:104150000E640431092AE3D10021202203A8FDF7CF
:1041600097FE002103AB8E461A6C0020DFF888A072
:104170009C4690460646C1F108095AF8047BF3466E
:10418000DCF8002001300197019FE8FB072B921912
:104190004BF1000648454CF8042BEED301310433B3
:1041A0000829E1D11C3401210020009B1A6855F830
:1041B000043FD2439B1840EB00025B18009941F882
:1041C000043B009142F10001A542EED103A908464B
:1041D000FFF722FC082203A918EE100AFEF7DAF80E
:1041E000642103A8FFF726FE1DB0BDEC028BBDE8DD
:1041F000F08F00BF7CC1000824BC000810B588B057
:1042000001466846FFF7EEFE9DF800406846202113
:1042100004F00104FFF70EFE204608B010BD0000B8
:1042200030B59FB00D46044650316846FFF7B6FEE4
:104230006A4629460AA8FEF731FF6A4605F12801B9
:1042400014A8FEF72BFF14A92046FFF7CBFE0AA8FF
:10425000FFF7D4FFE37F282183EAC010E0776846A8
:10426000FFF7E8FD0DEB0100FFF7E4FD14A8FFF7F1
:10427000E1FD1FB030BD000010B590B00446102223
:1042800001466846FEF778F869462046FFF730FF9A
:1042900040216846FFF7CEFD10B010BD10B590B0BC
:1042A0000C4601466846FFF79DFE214608A8FFF729
:1042B00099FE08A96846FFF7B3FD20210446684629
:1042C000FFF7B8FD0DEB0100FFF7B4FD601C10B067
:1042D00010BD0000F0B595B004466846FEF79EFCA0
:1042E00069462046FFF7AEFD21460AA8FFF794F97C
:1042F0000AA96A460846FEF7D1FE6846FEF786FC24
:1043000069460AA8FFF7CAFF694606466846FEF7EF
:104310008FFC0AA8FFF7C2FF104A054668461146FF
:10432000FEF786FC69460AA8FFF7B8FF0746214654
:1043300068460A4AFEF7B2FE45EA07026946204689
:10434000FEF79CFC28210DEB0100FFF773FD68468A
:10435000FFF770FD46EA050015B0F0BDD4BC0008BB
:10436000DFF880C02DE9F0419046A0B004460E462B
:104370001D4600F108070CF138026346083703CBED
:10438000934247F8080C47F8041C9C46F5D186EA8E
:104390000522124B0021534000222360104B636022
:1043A0000023C4E93416C4E91023C4E912238DB1F3
:1043B0007C2201A80091FDF76BFD2A464146684624
:1043C000FDF740FD694604F15000FFF7F7FC80233C
:1043D000C4F8D03020B0BDE8F08100BF08C9BDF2FC
:1043E00067E6096A9CBC0008002340211A46FFF7D3
:1043F000B7BF00008830FFF7F7BF00002DE9F04796
:1044000004460D4617469AB3D0F8D0604FF0000A24
:1044100004F150094FF08008764206F07F0696427C
:1044200028BF164632463544BE1BFFF7D7FC26F0A0
:104430007F072F44AF4213D0D4F8D030802B07D160
:104440002046FFF7A5FC0021FDF7DEFFC4F8D0A051
:1044500029464846FFF7B2FC8035C4F8D080E9E72A
:1044600006F07F0239462046BDE8F047FFF7B6BCAC
:10447000BDE8F0878830FFF7C1BF00002DE9F843A1
:1044800004460D46D0F8D0607F2E06D83246002173
:1044900020460136FEF794FBF6E72046A4F1080714
:1044A000FFF776FC0121FDF7AFFFD4F8D4202E46AC
:1044B00022F00708A84446450CD057F8081F30469C
:1044C000D7F80490FDF750FF301D08364946FDF738
:1044D0004BFFF0E722F00703D4F8D4209A4217D913
:1044E00003F0070223F00700DE08D100204454F84F
:1044F00036204768C1F12006A1F12000CA4007FA22
:1045000006F627FA00F032430243EA540133E3E7A8
:104510002046D821BDE8F843FFF78CBC8830FFF770
:10452000ADBF000010B5B6B004466846FFF718FFEF
:104530006846DDE93812FFF761FF21466846FFF75C
:104540009DFF36B010BD0000002307B5CDE9001275
:104550001A464021FFF7E6FF03B05DF804FB0000B8
:1045600003689B68184700002DE9F0410E46044699
:1045700015460139024606F13F0042F8043B11F8A6
:10458000017F814202F8017BF9D16A1E04F16401C6
:1045900005F11F0012F8017F824201F8017BF9D179
:1045A00020465B6898472368314620469B68202256
:1045B00098472368294620469B682022BDE8F041A1
:1045C00018470000014BFFF7CFBF00BFA0C1000894
:1045D000FFF7C6BF2DE9F04F8046ADF56F7D05466C
:1045E00058F8043B16A905F1240A05F16409DB68B3
:1045F00026AC984716A8FFF73FFE0822514604A8AC
:10460000FDF7BAFE494630A8FEF74CFB3AA8FEF784
:10461000FDFA30A944A8FEF7FFFF864A44A92046C8
:10462000FEF73CFD44A93AAA0846FEF719FB2046CE
:104630002146FEF707FB44A92246FEF72FFD21463F
:104640002046FFF747FE28B94FF0FF300DF56F7D8C
:10465000BDE8F08F224644A92046FEF71FFD204604
:10466000FFF7CCFD95F88330B0EBD31F03D0214684
:104670002046FEF7DDFA44A830AA2146FEF70EFDDB
:1046800004A8FFF7B1F90028DED121462046FEF745
:10469000CFFA44A94EAF0846FEF7CAFA76AA2146D9
:1046A0003846FFF7B7FA21469EA8FFF7EBF99EAA16
:1046B000394676A8FFF702FA76A9C6A8FFF7E2F90D
:1046C00016A902A8FFF7FAFA03A85146FFF7F6FA6F
:1046D0009DF80B609DF80F3020469E4238BF1E4665
:1046E000FFF7BEF93A4621462046FFF793FA16AB8C
:1046F0003246032102A8FFF7F3FA05465346052187
:1047000003A8FFF7EDFA002D834623DD6D10A022EC
:104710009EAB02FB053221462046FFF7CFF9BBF1E5
:10472000000F3ADD76AB44494FEA6B0B78220093D9
:10473000204602FB0B120CAB2146FFF717FA013E95
:10474000D0D226A94846FFF76BFD49464046FFF701
:1047500067FB7BE7E3D005EBD5756FF09F019EAB60
:1047600080A86D104D435919FEF758FA9EAB05F11C
:10477000280176A81944FEF751FA9EAB05F15001C5
:104780008AA81944FEF74AFA9EAB05F1780194A86D
:104790001944FEF74DFA76AABDE7D0D00BEBDB73D8
:1047A000254A6FF0770530A95B100CA803FB05259F
:1047B0002246FEF747FA76A8FEF752FA0CA905F151
:1047C00028020846FEF76AFC76A92A460846FEF744
:1047D00065FC76AA0CA930A8FEF734FA2046FEF74D
:1047E0003FFA3AAA11461046FEF72CFA44A905F101
:1047F00050020846FEF752FC44AA3AA90CA8FEF75C
:104800002FFA76A8FEF71EFA30AA214644A8FEF732
:1048100045FC76AA21462046FEF740FC30A90CAAAA
:104820000846FEF73BFC76AA0CA93AA8FEF736FC30
:1048300085E700BF44BC0008FCBC00080121884299
:1048400038BF084605F076B908B105F077B970476A
:1048500010B5084C01220849002001F0B3FE23786E
:104860003BB1064803F016FD044803F049FD002360
:10487000237010BDE8330020B4C10008C836002002
:104880001D482DE9F041036D2BB901224FF48051F1
:10489000503005F0DBFA194E33780BB1FFF7D8FF33
:1048A0000324174F4FF00008134D15492846C7F849
:1048B000048003F017FD284603F050FB48B1013C8B
:1048C000284603F01DFD14F0FF04EED1204634709D
:1048D0000FE00C4901220C4801F074FE014618B1AA
:1048E000284603F0D7FCEAE7084800F011F8012059
:1048F0003070BDE8F08100BFC8360020E8330020EA
:104900003C220020B4C10008EC330020B8C10008EC
:104910000FB4002004B07047006870470346006879
:10492000596870470B0A017043700B0C090E8370B5
:10493000C1707047110A027003714170110C120EA0
:104940008170C2701A0A42711A0C1B0E8271C371F7
:1049500070470000C36A0239023B8B4283BF438920
:10496000006C01FB0300002070470000C2F3072326
:104970008A76CB760378032B01BF120C0A75120AD4
:104980004A75704700F10B010022D30143EA52033C
:1049900010F8012B52FA83F38842DAB2F5D11046AF
:1049A0007047000010B541780446002001310246EE
:1049B0004901022A16BFA35C032203EBC03302F1B4
:1049C00001021EBF9BB203EB500398B29142F0D894
:1049D00010BD000002684AB1134613F8011B1F29DD
:1049E0000DD93A29F9D1911C8B4202D04FF0FF30FA
:1049F00070471278302AF9D1036000207047014BCC
:104A0000187870473836002038B50D46044618B976
:104A1000092000232B6038BD0368002BF8D01A78DA
:104A2000002AF5D08188DA889142F1D1587804F0D3
:104A3000EFFB10F00100EBD12368EBE738B50D4632
:104A400040F25231144602F0B9F9FF2807D9012C7F
:104A50000BD9030A022468702B70204638BD30B190
:104A6000002CFAD001242870F7E70024F5E704466B
:104A7000F3E700002DE9F8430026D0F80080054652
:104A80000C468E76836B002B4AD098F80030042BAE
:104A90004BD133463546402720E0B7F5187F80F0EC
:104AA000C480F90606F1010608BF0237D05B023761
:104AB0002BB900F5205292B2B2F5006F0DD305F17B
:104AC0001A01C5F1FF0240EA03402144FFF7B6FF97
:104AD000002800F0AA80054400200346D8F81020E2
:104AE00092F82310B142D8D8002B40F09E80002DC0
:104AF00000F09B8000232544AB766373D8F8102028
:104B0000137903F03701DB0621730BD402F138006F
:104B1000FFF704FFC4E9000193896381D3892381EE
:104B2000BDE8F88300200146F4E7C36C01335ED191
:104B3000EA6B00232E26551E184615F8011F01307A
:104B400020290CD0052908BFE521092804D10B2B09
:104B50009EBFE71801337E73E718013379730B2882
:104B6000EBD1E11800204873A17E00294BD1002B26
:104B700040D06FF00C0604F10D000825361B3318E9
:104B800010F8011B002938D02E298BB24AD0A3F18E
:104B90004101192903D8117B0D4200D02033037342
:104BA000EDE7B9F1000F05D100F520539BB2B3F545
:104BB000006F0BD307F11A01C7F1FF0240EA094069
:104BC0002144FFF73BFF48B10744002002368146ED
:104BD000D8F80C30985B0028E3D13846B9F1000FC3
:104BE0004FF0000218BF002023189A76A0E7B146C4
:104BF0003746EDE73F23A37601232344002199762E
:104C0000137B03B96373D37A02F11C0003F03F03F3
:104C100023730023FFF780FE20606360D38A6381E3
:104C2000138B7CE710250B46B9E73F230125A376BC
:104C300060E7000038B50546002435F8020B08B9D6
:104C4000204638BD02F0EEF86308C2B203EBC4336D
:104C500012FA83F39AB2C0F3072303EB520303EB78
:104C6000C2339CB2E9E7000037B5C37804461BB9EC
:104C70000025284603B030BD00F14C01826C0123B1
:104C80004078019104F0EAFA054680B9A36BE07020
:104C9000A06C226BC31A9342EAD2A3780199022B2B
:104CA000E6D102440123607804F0D8FAE1E7012557
:104CB000DFE7000038B5836C05460C468B4210D008
:104CC000FFF7D2FF60B92246012305F14C01687855
:104CD00004F0A0FA00281CBF4FF0FF340120AC64A0
:104CE00038BD0020FCE7000038B500230446C3703F
:104CF0004FF0FF338364FFF7DDFF00284BD1B4F89A
:104D00004A524AF655239D4207D10B22254904F108
:104D10004C0006F099FE00283FD094F84C30EB2B65
:104D200003D01833DBB2012B2ED84AF655239D420F
:104D300006D108221C4904F19E0006F085FE48B306
:104D4000B4F85730B3F5007F1ED194F85930DBB179
:104D50005A1E1A4218D1B4F85A30ABB194F85C30EC
:104D6000013B012B10D8B4F85D306BB1B4F85F3063
:104D70007F2B06D804F16C00FFF7CEFDB0F5803F25
:104D800002D3B4F8623053B94AF6552085420CBFBD
:104D90000220032038BD0420FCE70120FAE70020B0
:104DA000F8E700BFE4C10008F0C1000802392DE9AE
:104DB000F04701F007044FF0010A466C05460AFA75
:104DC00004F41746984606EB1136C1F3C809E4B25D
:104DD000314628460136FFF76DFF18B10120BDE8C6
:104DE000F087994605EB090292F84C30234214BF34
:104DF00001210021414513D06340013F82F84C302E
:104E000085F803A0EBD0640014F0FF04EAD109F1A7
:104E1000010301244FF00009B3F5007FE1D1D7E78A
:104E20000220DCE701290246F8B50C4640F28C80EE
:104E30000668F36A8B4240F287803378013B032B8C
:104E400000F28280DFE803F00229384B04EB5405BE
:104E5000B16B304601EB5521FFF72CFF10B14FF03D
:104E6000FF30F8BD6F1CC5F30805B16B3046354403
:104E700001EB572195F84C50FFF71CFF0028EED1AD
:104E8000C7F30807E3073E4496F84C0045EA0020C4
:104E90004CBF0009C0F30B00E3E7B16B304601EBF8
:104EA0001421FFF707FF0028D9D1640004F4FF7430
:104EB0002644B6F84C00D4E7B16B304601EBD41170
:104EC000FFF7F8FE0028CAD1A40006F14C0004F454
:104ED000FE742044FFF720FD20F07040C1E7D0E9C8
:104EE0000430D57953EA000101D0916801B95DBB66
:104EF0009168022DA4EB01010DD1013B728940F1B3
:104F0000FF305B0A43EAC053B3FBF2F399421BD86C
:104F10001CD0601CA5E7032D02D193698B42F8D801
:104F2000D3699BB9B16B304601EBD411FFF7C2FED8
:104F3000002894D1A0004C3600F4FE703044FFF7F6
:104F4000EBFC20F000408CE701208AE76FF0004086
:104F500087E70000F8B5066804460D463378042B51
:104F60000CBF4FF080524FF400128A4201D8022049
:104F7000F8BDCA06FBD182680163D2B9022B13D8EF
:104F80003389B3EB551FF2D9F36BA363A36B626351
:104F9000002BECD003EB55234C36C5F3080500205D
:104FA000A3633544E563E3E7F36BC271002BE7D0FD
:104FB0001A4677897F02BD42114604D23046FFF778
:104FC000C9FCA063E2E72046FFF72CFF431C024622
:104FD00006D00128CBD9F36A8342C8D9ED1BEAE792
:104FE0000120C5E701292DE9F04706460C46174682
:104FF00008D9C36A8B4205D90378022B62D003D843
:10500000012B22D0022552E0033B012BFAD8816B01
:1050100001EBD411FFF74EFE0546002847D1A4004E
:1050200006F14C0304F4FE741C443378042B07D0BF
:10503000204627F07047FFF76FFC00F070400743F1
:1050400039462046FFF76EFC2FE001EB5108816BDB
:1050500001EB5821FFF72EFE054640BB14F001047A
:1050600006F14C0908F1010AC8F3080808BFFBB2B1
:1050700030461FBF19F8083003F00F023B0103F060
:10508000F00318BF134309F808300123B16BF37024
:1050900001EB5A21FFF70EFE054640B9CAF3080A94
:1050A00044B1C7F3071709F80A700123F3702846C3
:1050B000BDE8F08719F80A30C7F3032723F00F0380
:1050C0001F43F0E7816B01EB1421FFF7F3FD054669
:1050D0000028ECD1640006F14C0304F4FF741F5562
:1050E0001919C7F307274F70DFE70000F8B504462A
:1050F0000E461746E3690BB91846F8BD012BA6EB1F
:105100000305206814BFAA1C3A46691CFFF76AFF12
:105110000028F2D1E369013BE361EBE701292DE9C6
:10512000F84306460C461746056802D80220BDE83B
:10513000F883EB6A8B42F9D97AB9A1462146304609
:10514000A046FFF76FFE0446B0B92B78042B02D1BE
:10515000002F43D1F7710020E9E72B78042B02D10F
:10516000C379022BE9D04FF0FF3239462846FFF7CA
:1051700039FF0028E1D0DAE70128D7D0421C01D15D
:105180000120D4E72B78042B19D1EA6AAB69023AE3
:1051900093421CD308F10102A2420CD02B78042BBD
:1051A00008D10023A2EB090249462846FFF7FEFD7D
:1051B0000028BCD1A146EB6AA342BFD8C5E70022B4
:1051C00041462846FFF70EFF0028DED0AFE7013347
:1051D000AB612B7943F001032B71DBE7F3798BB9DA
:1051E000B468BC4202D10223F371B4E721463046D1
:1051F000FFF718FE012899D9431CC1D0013484421D
:10520000EFD0A8E7032BA6D1B368BB42A3D8B269FD
:105210001344BB429FD3E6E770B5C3790446032B22
:1052200006D181688369CD18A94203D10023E371B7
:10523000002070BD4E1C20683246FFF7D3FE0028C8
:10524000F7D13146F0E700002DE9F743054601911B
:10525000FFF70AFD0446002849D105F14C090199E0
:1052600028464FF40072FFF775FB2146A8640746F5
:105270004846FCF70DFE6C896402B4F5004F28BF68
:105280004FF40044B4F5007F2FD9204604F05AFCB7
:10529000804630B122460021640A0026FCF7F8FD62
:1052A00009E06408EEE72346BA194146687803F03E
:1052B000D5FF18B926446B899E42F4D3404604F0CA
:1052C00051FC6889801B18BF012003B0BDE8F08342
:1052D00001366B899E42F4D20123BA194946687897
:1052E00003F0BCFF0028F3D0EBE70026F1E7012034
:1052F000EBE70000F8B50446FFF7B6FC05460028CA
:1053000042D12378032B37D12779012F34D104F1EF
:105310004C0601464FF400723046FCF7B9FD5523A8
:105320004122722184F84A32AA2304F50D7084F8D0
:105330004F2084F84B32522384F8301284F84C30DA
:1053400084F84D30612384F8311284F84E3084F8AB
:105350003332A16984F83222FFF7E4FA616904F577
:105360000E70FFF7DFFA626B3B4631460132607820
:10537000A26403F073FF257100226078114603F0E8
:1053800091FF003818BF0120F8BD000000232DE96F
:10539000F0430B6085B00F461546FFF71BFB061E5A
:1053A000C0F2B281804B53F82640002C00F0AE8151
:1053B0003C6005F0FE0523786BB1607803F028FFB0
:1053C000C70708D41DB110F0040500D00A252846EF
:1053D00005B0BDE8F0830023F0B22370607003F0E5
:1053E00003FFC10700F194810DB14207EED4002103
:1053F0002046FFF779FC022840F099806E4604F2BF
:10540000122304F25221324618461033FFF784FA71
:1054100042F8040B8B42F7D1002556F8041B0029F3
:105420007DD02046FFF760FC012879D80128A26CC6
:1054300040F0C08004F1570304F18C0113F8015BC4
:10544000002D7BD18B42F9D1B4F8B430B3F5807F15
:1054500074D194F8B830092B70D104F19400FFF79F
:105460005DFA4FF0FF33171841F10001BB4275EBB5
:10547000010363D304F1A000FFF74EFA94F8BA30A9
:105480002063012BA37059D194F8B99003FA09F95C
:105490001FFA89F36381002B50D0444B04F1A8001C
:1054A000FFF73AFA0646984248D8831C626304F133
:1054B000A400E362FFF730FA00EB020804F19C005D
:1054C000C4F84080FFF728FA10441FFA89F2A0635D
:1054D00006FB02F313EB080345EB05029F4271EB59
:1054E00002032BD32E4604F1AC00FFF715FAE0635C
:1054F00065B96389B34221D9E16B2046FFF72AFAE7
:1055000081192046FFF7D6FB98B90136631993F845
:105510004C30812B14D02035C5F30805E8E7032073
:105520000135042D7FF479AF042807D101E0042868
:1055300001D101254BE701287FF678AF0D2546E71D
:1055400005F1140004F14C063044FFF7E5F9012899
:105550000546F3D9E36A8342F0D96189821E236C40
:1055600002FB01336364A16B204601EBD511FFF709
:10557000A1FB0028DDD105F07F0006EB8000FFF7DE
:10558000CBF9431C03D00135A842ECD0D6E7042563
:10559000C4E90500064A257000251388E56101333A
:1055A0009BB21380E38012E73C360020FDFFFF7FB3
:1055B00040360020B4F85730B3F5007FBED1B4F8C0
:1055C000626026B904F17000FFF7A6F9064694F868
:1055D0005C302663591EA3700129AFD894F8595046
:1055E0006581002DAAD0691E2942A7D1B4F85D803B
:1055F00018F00F0FA4F80880A0D1B4F85F0018B914
:1056000004F16C00FFF788F9B4F85A10002995D01E
:1056100006FB03FE01EB181CF44460458ED3A0EB9F
:105620000C00A842B0FBF5F388D33E48834285D8EE
:105630004FF6F57083426DD903259F1C114402EB90
:105640000C03032DE7626263A16323644CD1B4F8B9
:10565000763053EA08037FF471AFBB0004F17800A1
:10566000FFF75AF9E06303F2FF13B6EB532FFFF491
:1056700065AF4FF0FF33032DC4E905334FF08003CE
:10568000237187D1B4F87C30012B83D1511C204683
:10569000FFF710FB00287FF47DAFB4F84A224AF6EA
:1056A000552320719A427FF475AF1F4B04F14C00D3
:1056B000FFF732F998427FF46DAF03F1FF5304F521
:1056C0000C70FFF729F903F50053203398427FF45B
:1056D00061AF04F50D70FFF71FF9A06104F50E70BE
:1056E000FFF71AF9606155E7B8F1000F3FF426AFF4
:1056F0007144022D4FEA4703E1631EBFD91907F039
:10570000010303EB5103AEE70B2560E60C255EE6D3
:1057100003255CE640F6F575AB428CBF02250125FA
:105720008BE700BFF5FFFF0F525261412DE9F84FA3
:1057300007460568884649B96E69C6B1EB6AB34247
:1057400098BF0126AB69A3B9002405E0FFF76AFB07
:105750000128044603D801242046BDE8F88F421CE6
:1057600000F0D280EB6A8342F6D84646EAE701268B
:10577000E8E72A78EB6A042A40F08380A6F1020A5F
:10578000023B4FF0010B9A4528BF4FF0000AD1466B
:10579000696C284601EB1931FFF78CFA00283BD1E0
:1057A00009F00703EA6AC9F3C8010BFA03F3901E74
:1057B000DBB26A184C4609F1010992F84C20814588
:1057C00002EA030233BF5B0000234FF40071DBB237
:1057D00028BF9946B2B90234631E0333BCD80123F3
:1057E000214628461A46FFF7E1FA0228B3D00128DD
:1057F00000F08A80B8F1000F13D10223FB7100285A
:10580000A9D130E0CA450AD0002BD2D10131B1F57F
:10581000007FBDD20123CCE74FF0FF34DCE700244A
:10582000DAE7FB79022B07D1731CA342E7D0BB68F0
:10583000F31ABB610323FB7108F10102FB69A24269
:1058400005D113B10133FB61D9E70223FBE70BB9A3
:105850000123FB61224641463846FFF747FC0028FA
:105860004FD10123FB61EA6AAB69023A6C61934252
:105870009CBF03F1FF33AB612B7943F001032B7124
:105880006AE7464514D1741C3846A34298BF0224E7
:105890002146FFF7C7FA01283FF45DAF431C33D020
:1058A000E0B16B69012B03D9EA6A934238BF1E4607
:1058B00034460134EB6AA34203D8012E7FF644AF8D
:1058C000022421463846FFF7ADFA48B101283FF4DB
:1058D00042AF013018D0B442EBD135E7002CE7D00D
:1058E0004FF0FF3221462846FFF77CFB48B9B8F15C
:1058F000000FB8D0224641462846FFF773FB002828
:10590000B1D001287FF427AF4FF0FF3424E7000027
:105910002DE9F84306680446076B8946337820373B
:10592000042B0CBF4FF080534FF40013BB429CBFBD
:1059300000238363836B73B1C7F30808B8F1000FCA
:105940003CD10133416B836339B93389B3EB571FC2
:1059500034D80023A36304200AE07389013B13EACF
:1059600057232BD1FFF75EFA0128054602D8022003
:10597000BDE8F883421C01D10120F9E7F36A8342B4
:1059800016D8B9F1000FE4D0616B2046FFF7CEFEC8
:105990000546C8B10128EAD0431CEDD00146304687
:1059A000FFF752FC0028E7D1E37943F00403E371E9
:1059B000294630466563FEF7CDFFA0634C360020D4
:1059C00027634644E663D3E70720D1E7F8B50E46E0
:1059D000002104460768FFF7BDFA98B90546A16B98
:1059E0003846FFF767F968B93A78E36B042A1B7801
:1059F0000CD11B060ED5054601212046FFF788FF76
:105A00000028ECD0042808BF072006E0E52B01D0D1
:105A1000002BF0D10135B542EED1F8BDC16C4B1C65
:105A20002DE9F04104460568066B1FD1E5274FF0CC
:105A30000108A16B2846FFF73DF998B92A78E36B76
:105A4000042A09BF1A781F7002F07F021A7085F8C5
:105A50000380236BB3420DD200212046FFF758FF8D
:105A60000028E6D0042808BF022003E0FFF772FAFE
:105A70000028DBD0BDE8F0812DE9F0410546006843
:105A8000A96B0669FFF716F9044620B9EB6B1A7883
:105A9000852A03D002242046BDE8F081324603F176
:105AA000200153F8040B8B4242F8040BF9D17778AC
:105AB00001377F01A7F16003B3F5007FEAD8002129
:105AC0002846FFF725FF04280446E3D00028E2D14A
:105AD000A96B2868FFF7EEF804460028DBD1EB6BD2
:105AE0001A78C02AD6D106F1200203F1200153F81A
:105AF000040B8B4242F8040BF9D196F823300F22A5
:105B00002C33B3FBF2F3B7EB431FC3D34FF0400882
:105B100000212846FFF7FCFE04280446BAD00028DE
:105B2000B9D1A96B2868FFF7C5F804460028B2D19F
:105B3000EB6B1A78C12AADD1B8F5187F09D206EB04
:105B4000080203F1200153F8040B8B4242F8040BC6
:105B5000F9D108F120084745DAD8B8F5187F9AD866
:105B60003046FEF71FFF7388834294D092E700000F
:105B70000B68002210B5036004460B6A83604B6A11
:105B8000C261C37123F0FF03896AC0E90432C164B2
:105B9000FFF7E0F920B92046BDE81040FFF76CBFE1
:105BA00010BD0000F8B50368054601271C692046B2
:105BB000FEF7F8FEA070000A6678E0702846E96CEF
:105BC000FFF7C8F920B1022828BF0220C0B2F8BDF3
:105BD000A96B2868FFF76EF80028F4D1EB6B04F18D
:105BE000200254F8041B944243F8041BF9D12B689B
:105BF000DF70002EE7D000212846013EFFF788FE27
:105C0000E0E700002DE9F8434FF0FF08064607687B
:105C1000042445464FF6FF79B16B11B9002C73D0BF
:105C200063E03846FFF746F8044600285DD1F06B84
:105C30000378002B6ED03A78042A11D1852B4DD1F0
:105C4000336B3046F364FFF717FF044600284CD14E
:105C50003B691B7903F03F03B3712046BDE8F8832D
:105C6000C27AE52B02F03F02B27143D02E2B41D015
:105C700022F0200108293DD00F2A40D1590637D5FE
:105C800003F0BF05336B90F80D80F364437B43450D
:105C900030D1428B72BB03780D21FC6823F04003A6
:105CA000DFF874E0013B4B4301211EF801CB30F8D3
:105CB0000CC009B3FF2B1DD824F813C06146013373
:105CC00001320D2AF1D10278520605D521B1FF2B00
:105CD00010D8002224F81320013DEDB200213046F7
:105CE000FFF716FE0446002896D00023B363B4E7FE
:105CF000AB42CBD0FF25F1E7CC45E1D0FAE72DB997
:105D0000FEF740FE404501D10024A6E74FF0FF33E7
:105D1000F364A2E70424E8E78CC200082DE9F04F01
:105D2000002187B00446D0F80090FFF713F98046B1
:105D300070B999F80030042B33D1D9F80C00FEF774
:105D400079FF07462046FFF75DFF054620B18046F4
:105D5000404607B0BDE8F08FD9F810309A8CBA42AF
:105D6000F0D193F823B040265D4506D1D9F80C3028
:105D700033F81530002BE5D1EAE7F106D9F81030F9
:105D800008BF0236985B01F04DF8D9F80C30824616
:105D900033F8150001F046F88245D3D102360135BB
:105DA000E2E74FF0FF0A4FF0FF3B5546C4F84CB016
:105DB000A16B4846FEF77EFF00285CD1E66B377882
:105DC000002F77D0F27AE52F02F03F03A37103D0C2
:105DD000120704D50F2B04D0C4F84CB04FE00F2BA2
:105DE00054D194F84B3058063FD4790645D5236BEF
:105DF00007F0BF0796F80DA0E364737B53453ED1CF
:105E0000738B002B3BD135780121D9F80C3005F08C
:105E10003F0501930D23013D5D43284B13F8012BF2
:105E2000B25A71B3FF2D059329D81046049200F0A1
:105E3000F9FF6B1C03900293019B33F8150000F0EF
:105E4000F1FF039981421AD1049A029D1146059BE4
:105E50001B4A9342E2D133785A0604D519B1019B0B
:105E600033F815305BB97D1EEDB200212046FFF7F7
:105E70004FFD00289CD080466AE7BD42BDD0FF257B
:105E8000F3E74FF6FF708242E2D0F8E72DB93046D3
:105E9000FEF778FD50453FF45BAF94F84B30DB07DD
:105EA0009AD40B2204F14001304605F0CDFD0028C4
:105EB00092D14DE74FF004084AE700BF8CC20008BA
:105EC00099C200082DE9F04F90F84BB099B0044604
:105ED0001BF0A00540F068810668F26832F81530C2
:105EE000002B4AD13378042B40F087800F230E35E6
:105EF0002046B5FBF3F5A91CFFF768FD8146002895
:105F000077D1236B0135A3EB4515E3795A07E56497
:105F100035D523F004032046E371FFF77DF950BB2C
:105F20004FF0FF32616B2046FFF7E0F818BBA36823
:105F30002BB3214604A8FFF71BFEE0B970894FF48C
:105F40000071D4E90423E0FB01233069C4E9042390
:105F50003830FEF7EFFC3069D4E904232830FEF72F
:105F6000E9FCE379326904A843F0010382F82130A7
:105F7000FFF718FE18B181463BE00135AEE7D6E9E0
:105F80000354402200212046FBF782FF8523012194
:105F900040222370C0234FF0C10C04EB010884F8A9
:105FA000203000231E469E46571C04F802C0F0B263
:105FB000023204F807E021B135F8131009B10133BA
:105FC000DBB20F0AA15408F802700232D706F2D1F0
:105FD00035F813700136002FE6D184F82330831C86
:105FE00028466370FEF726FE84F82400000A84F831
:105FF0002500484619B0BDE8F08F04F140070DF1C7
:10600000100A1BF0010F97E807008AE8070000F06C
:10601000D38040234FF0010884F84B30BC46F3682E
:10602000B8F1050F9AE80700ACE803002CF8022B42
:106030004FEA12428CF8002059D9981E424630F897
:10604000021F002942D10DF10F0C072102F00F0EA3
:10605000914612090EF13000392888BF0EF1370041
:1060600001390CF8010902D0B9F10F0FEED818ABC5
:106070007E205A1802F8580C38460022914206D069
:1060800010F801CB02F1010EBCF1200F31D104F167
:106090003F0C072902F1010297BF18AB20205818C6
:1060A000013198BF10F8580C072A0CF80200F0D9FB
:1060B0002046FFF733FE8146002878D108F1010819
:1060C000B8F1640FAAD14FF0070992E74FF0100C16
:1060D00001F0010E49080EEB4202D30344BF82F4E3
:1060E000883282F02102BCF1010CF1D1A7E74246CF
:1060F000A9E77246C2E7216B2046A1EB4511FEF7E6
:1061000029FF814600287FF474AF4FF6FF783846A8
:10611000FEF738FC0190A16B3046FEF7CBFD8146BF
:1061200000287FF466AFE36BE9B2019A4FF00D0CE3
:10613000D6F80CE05A734FF00F02DFF8E0A0DA72E5
:106140004A1E18730CFB02F284469876D8764045B6
:106150001AF8019B0CF1010C18BF3EF8120003EB7A
:10616000090B18BF013203F809004FEA1029002873
:1061700008BF4046BCF10D0F8BF80190E7D14045B8
:1061800002D03EF812200AB941F0400119700123F3
:1061900000212046F370FFF7BBFB814600287FF407
:1061A00028AF013DB7D11BE04FF0060921E70428D5
:1061B0007FF41FAF84F84BB01BF0020F20461BBFCB
:1061C0000C350D210125B5FBF1F518BF0135294628
:1061D000FFF7FCFB814600287FF40BAF013D8AD11D
:1061E000A16B3046FEF766FD814600287FF401AFC3
:1061F00001462022E06BFBF74BFEE36B03CF1860F8
:106200005960BA7839889A72198194F84B30E26BE8
:1062100003F0180313730123F370EAE68CC200083D
:1062200010B504460A463430FEF776FB886004F168
:106230003800FEF773FBC2E9040194F8213003F043
:106240000203D3710023D36110BD000003284B8BE0
:1062500004BF8A8A43EA0243184670472DE9F04F8B
:106260000B7899B0044689462F2BD0F800B001D0A6
:106270005C2B09D14A461378914601322F2BFAD074
:106280005C2BF8D0002301E0DBF81C30A360002376
:10629000E3619BF80030042B1ED1A368E3B1DBF867
:1062A0002030214604A82362DBF824306362DBF847
:1062B0002830A362FFF75CFC0346002854D1DBF8CA
:1062C000102002F13800FEF727FBC4E9040392F81E
:1062D000213003F00203E37199F800301F2B00F224
:1062E000358180230021204684F84B3019B0BDE869
:1062F000F04FFEF72FBE49460B78894601312F2B10
:10630000FAD05C2BF8D01F2B8CBF00250425012F61
:106310002FD113882E2B31D1002322F8173004F10E
:1063200040029F428CBF2E21202101330B2B02F80B
:10633000011BF6D145F02005204684F84B50FFF7AD
:10634000EDFC94F84B30002800F0E78004280BD1D6
:10635000990603F0040240F1DC80002A00F0F68088
:106360008023002084F84B3019B0BDE8F08F04255D
:10637000CDE7022F02D153882E2BCAD0911E87BBA6
:10638000002322F81730002F00F0118132F813009B
:10639000194601332028F9D009B92E2801D145F03A
:1063A0000305901E30F817302E2B01D0013FF9D194
:1063B0004FF020334FF0000A6364D0462364C4F8E2
:1063C00047300823481C32F811600090F6B1202EA7
:1063D00003D02E2E0DD1B84210D045F00305009900
:1063E000F0E731F81730202B01D02E2BC8D1013F18
:1063F000C5E79A4505D20099B9423BD10B2B30D164
:1064000001E00B2B27D145F003050B2394F8402026
:10641000E52A04BF052284F84020082B04BF4FEA78
:1064200088085FFA88F808F00C030C2B03D008F0FA
:106430000303032B01D145F00205A8073FF57CAF0C
:1064400018F0010F18BF45F0100518F0040F18BF21
:1064500045F0080570E70099B94202D045F0030500
:10646000D4D84FEA88080B234FF0080A00975FFA48
:1064700088F8B4E77F2E15D9304640F25231CDE985
:10648000022345F00203019300F098FC10F0800F06
:106490000646DDE9022316D000F07F0646498E5DF0
:1064A000019D46B331464548CDE9012305F018FB6F
:1064B000DDE90123F8B9A6F1410189B219291ED8F5
:1064C00048F0020810E0FF28EAD9591E8A4503D394
:1064D00045F003059A4682E704EB0A01000A0AF137
:1064E000010A019D81F8400004EB0A010AF1010A4A
:1064F00081F8406073E745F003055F26F4E7A6F1F5
:10650000610189B219299EBF203E48F00108B6B248
:10651000EAE7002A08BF052026E75A073FF524AF1F
:10652000A379DB0645D59BF80000042835D1A36884
:106530002146E27923622369DBF8100023F0FF0390
:1065400013436362E36CA362FFF76AFE23680027CC
:10655000DA6819F8010B00283FF409AF40F2523114
:10656000009200F04BFC054608B31F28009A7FF606
:10657000FEAE2F283FF4BFAE5C283FF4BCAE7F28B0
:1065800005D801460E4805F0ABFA009A78B9FF2FFE
:106590000DD022F817500137DBE7216B0BF14C03CC
:1065A000C1F308011944FFF751FEA060CEE70620B1
:1065B000DAE60520D8E600BF0CC2000805C20008D4
:1065C000FCC100081FB5CDE9001003A814460391D3
:1065D000FEF700FA002815DB0B4A52F820300BB109
:1065E00000211970019B0BB10021197042F8203075
:1065F0002CB1002201A96846FEF7C8FE04462046D9
:1066000004B010BD0B24FAE73C3600202DE9F0471A
:1066100098B0904605460191002800F0528102F0A2
:106620003F0603A901A83246FEF7B0FE002840F05D
:106630004681039B4FF48C60049303F083FA074672
:10664000002800F04081039B00F500720199D8609A
:1066500004A81A61FFF702FE044620B99DF95B30D9
:10666000002BB8BF062418F01C0F00F0CD80002CC2
:106670004CD0042C40D104A8FFF724FC0446002889
:106680003AD146F00806039B1A78042A40F083802A
:10669000186929462B60FFF7C3FD039B1E220021CA
:1066A00018690230FBF7F4FB039C00211A222069D1
:1066B0002630FBF7EDFB236920221A71246903F0D1
:1066C0007BFA0146012208342046FEF72BF9039B92
:1066D00004A81B6983F82120FFF764FA044658B91F
:1066E000A96801B302462846FEF718FDAB68039A75
:1066F0000446013B5361B4B1384603F033FA0CB1A0
:1067000000232B60204618B0BDE8F0879DF81630B6
:1067100013F0110F40F0848018F0040F40F0C9808E
:1067200018F0080FAFD1039A31071399936C48BF43
:1067300046F04006E964AB641078042872D1069BE9
:106740009DF817102B62089B106923F0FF030B4381
:1067500029466B62179BAB62FFF762FDDDF80CA068
:106760000024002205F15008BAF8063021464046C0
:10677000C5F800A0AB80002385F8306085F8314073
:106780006C64C5E90E234FF40072FBF781FBB2067F
:1067900053D40024B0E703F00FFA01460090139899
:1067A0000E30FEF7BFF8139800991630FEF7BAF8CE
:1067B000039C13992078FFF749FD2023002280468F
:1067C000CB7220461399FEF7D1F8139B00220121CA
:1067D0001A775A779A77DA77039BD970B8F1000F56
:1067E000A1D0414604A8D3F84890FEF797FC044690
:1067F000002881D149460398FEF75CFA039B0446C2
:1068000008F1FF30586176E7002C7FF475AF9DF8F2
:106810001630DC064FD418F0020F84D0D80782D58A
:10682000072469E7FFF712FD0023A86001F11C00AF
:10683000FEF772F86B61286190E7D5E9046956EAC2
:106840000903A6D0BAF80AA0A9684FEA4A2AC5E9FE
:106850000E69B24574EB09031BD300242964002C94
:106860007FF44AAFC6F30803002B92D0039C204666
:10687000FEF770F808B3760A0123414646EAC95686
:1068800082196A64607802F0C5FC041E18BF0124F6
:1068900032E72846FEF7C6FAB6EB0A06014669F16A
:1068A0000009012803D9431CD3D10124D6E70224CF
:1068B000D4E7082420E704241EE702241CE704464A
:1068C0001EE709241EE711241CE700002DE9F04F04
:1068D000994685B00023884603A90446C9F80030CC
:1068E0001646FEF791F8054680BB94F831506DBB13
:1068F00094F8303013F00103009300F0A68004F107
:10690000500AD4E90432D4E90E011B1A62EB0102E9
:10691000B34272F1000238BF1E46BEB1D4E90E1078
:10692000C1F30803002B40F08280039B5A894B0A75
:10693000013A43EAC0531A401BD151EA000309D17E
:10694000A06801280DD8022584F83150284605B0EA
:10695000BDE8F08F216C20460192FEF763FA019AA0
:10696000EFE7431C04D10123009D84F83130EDE7AB
:106970002064DDF80CB0216C5846FDF7EBFF0028D1
:10698000E1D0B6F5007F02EB000731D3BBF80A1067
:1069900002EB5620730A88429BF8010088BF8B1ACD
:1069A0003A464146019302F035FC0028DBD194F9C8
:1069B0003020019B002A0BDA606CC01B984207D282
:1069C0004FF40072514608EB4020FBF73BFA019B65
:1069D0005F02D9F80030F61BB8443B44C9F80030D8
:1069E000D4E90E32DB1942F10002C4E90E3294E719
:1069F000626CBA421AD094F93030002B0DDA0123C0
:106A000051469BF8010002F029FC0028ABD194F814
:106A1000303003F07F0384F83030039801233A4686
:106A20005146407802F0F6FB00289CD16764A16BC8
:106A30004046C1F30801C1F500775144B74228BF71
:106A400037463A46FBF7FEF9C3E707257EE7000025
:106A500070B596B00E460022019002A901A8FEF77B
:106A600095FC0446E0B94FF48C6003F06BF80546E2
:106A7000D8B1029B00F500720199D86002A81A6192
:106A8000FFF7ECFB044640B99DF95330002B0ADBBD
:106A90001EB1314602A8FDF7EDFF284603F062F86B
:106AA000204616B070BD0624F7E71124F8E7000071
:106AB00070B5B8B00222019003A901A8FEF766FCE8
:106AC000044608BB039B4FF48C60109303F03AF824
:106AD0000546002866D0039B00F500720199D86036
:106AE00010A81A61FFF7BAFB044650B99DF88B3025
:106AF000980655D4190653D49DF84630DA0706D5C2
:106B00000724284603F02EF8204638B070BD039BBA
:106B100004931878042814D104A91869FFF780FB9E
:106B2000069E9DF84630DB0610D410A8FEF776FFCF
:106B300004460028E5D156BB0398FEF7DBFB04466C
:106B4000DFE71F99FFF782FB0646EAE7039BDA6956
:106B5000B242D5D024930021269624A81B78042B7A
:106B600001BFDDE90823CDE928239DF817308DF812
:106B70009730FEF7EFF904460028C2D124A8FFF7AA
:106B800041F804460028BBD00428BAD1CDE702461C
:106B9000314604A8FEF7C2FA04460028B1D1CBE77B
:106BA0000624AEE71124AFE7F0B5BDB0CDE9001083
:106BB0006846FDF70FFF022203A901A8FEF7E6FBD6
:106BC0000446002841D1039B4FF48C60149302F0DB
:106BD000B9FF0546002800F0EE80039B00F5007227
:106BE00014AE0199D8601A613046FFF737FB0446AE
:106BF00040BB9DF89B3013F0A00F40F0D880039B62
:106C0000009F1A78042A68D11B6904AC03F1400C78
:106C10001868083353F8041C2246634503C214461F
:106C2000F6D15022314628A8FBF70CF9394628A89E
:106C3000FFF714FB044600284CD12A9A169B9A426F
:106C400006D00824284602F08DFF20463DB0F0BD56
:106C5000349A209B9A42F4D128A8FFF733F90446CE
:106C60000028EFD1039B04AF1B6993F801E093F870
:106C700023C09C8C3A46083303CAB24243F8080C3E
:106C800043F8041C1746F5D1039B28A81B6983F819
:106C900001E0039B1A6982F823C01A6982F8244034
:106CA000240A82F825401A691379D9065CBF43F09B
:106CB00020031371FEF776FF04460028C2D1304648
:106CC000FEF7ACFE04460028BCD10398FEF712FB89
:106CD0000446B7E70428B5D1BEE7239A04AB02F116
:106CE000200C1068083252F8041C1C46624503C48C
:106CF0002346F6D15022314628A8FBF7A3F839469F
:106D000028A8FFF7ABFA044600284CD12A9A169B14
:106D10009A4296D1349A209B9A4292D128A8FFF7A2
:106D2000D1F8044600288DD137990DF11D030DF1DE
:106D30002D0001F10D0253F8044B834242F8044B3D
:106D4000F9D11888012710809B7893709DF81B302B
:106D5000039CDA0658BF43F02003CB72E770CB7A6E
:106D6000DB06ACD5169A2A9B9A42A8D02078FFF76A
:106D70006DFA01462046FDF7EDFD0146C8B12046FB
:106D8000FDF798FF044600287FF45CAF039890F865
:106D90006D302E2B93D12A9A00F16C01FDF7E6FDA0
:106DA000039BDF708BE704287FF44CAFB6E7062423
:106DB00048E7022446E7112447E700007F2810B582
:106DC00001D880B210BDB0F5803F13D240F25233EB
:106DD00099420FD10849002231F8024B93B2844204
:106DE00003D103F18000C0B2ECE70132802AF3D175
:106DF0001346F6E70020E5E74CC500087F280DD9CB
:106E000040F25233994208D1FF2806D800F10040E1
:106E1000034B803833F8100070470020704700BFE4
:106E20004CC50008B0F5803FF0B522D21F4A83B2AE
:106E30001F49B0F5805F28BF0A46141D34F8042CA2
:106E40002146AAB1934213D334F8025C2E0AEFB262
:106E500052FA85F5A84222DA082E09D8DFE806F0B2
:106E6000050A10121416181A1C00801A34F8103073
:106E70001846F0BD981A00F001001B1A9BB2F7E704
:106E8000103BFBE7203BF9E7303BF7E71A3BF5E720
:106E90000833F3E7503BF1E7A3F5E353EEE704349F
:106EA000002ECBD101EB4702C7E700BF9CC2000810
:106EB00090C4000808B5074B074A196801F03D0166
:106EC000996053680BB190689847BDE8084003F09B
:106ED000ADB800BF000002404436002008B5084BA2
:106EE0001968890901F03D018A019A60054AD36851
:106EF0000BB110699847BDE8084003F097B800BF90
:106F0000000002404436002008B5084B1968090CFF
:106F100001F03D010A049A60054A53690BB190697A
:106F20009847BDE8084003F081B800BF0000024068
:106F30004436002008B5084B1968890D01F03D0161
:106F40008A059A60054AD3690BB1106A9847BDE873
:106F5000084003F06BB800BF000002404436002038
:106F600008B5074B074A596801F03D01D960536ADB
:106F70000BB1906A9847BDE8084003F057B800BFCE
:106F8000000002404436002008B5084B59688909C2
:106F900001F03D018A01DA60054AD36A0BB1106B3A
:106FA0009847BDE8084003F041B800BF0000024028
:106FB0004436002008B5084B5968090C01F03D0122
:106FC0000A04DA60054A536B0BB1906B9847BDE831
:106FD000084003F02BB800BF0000024044360020F8
:106FE00008B5084B5968890D01F03D018A05DA6042
:106FF000054AD36B0BB1106C9847BDE8084003F00D
:1070000015B800BF000002404436002008B5074B09
:10701000074A196801F03D019960536C0BB1906CFF
:107020009847BDE8084003F001B800BF00040240E3
:107030004436002008B5084B1968890901F03D0164
:107040008A019A60054AD36C0BB1106D9847BDE870
:10705000084002F0EBBF00BF0004024044360020AD
:1070600008B5084B1968090C01F03D010A049A6043
:10707000054A536D0BB1906D9847BDE8084002F08A
:10708000D5BF00BF000402404436002008B5084BBD
:107090001968890D01F03D018A059A60054AD36D92
:1070A0000BB1106E9847BDE8084002F0BFBF00BFAB
:1070B000000402404436002008B5074B074A5968CF
:1070C00001F03D01D960536E0BB1906E9847BDE859
:1070D000084002F0ABBF00BF00040240443600206D
:1070E00008B5084B5968890901F03D018A01DA6049
:1070F000054AD36E0BB1106F9847BDE8084002F007
:1071000095BF00BF000402404436002008B5084B7C
:107110005968090C01F03D010A04DA60054A536F11
:107120000BB1906F9847BDE8084002F07FBF00BFE9
:10713000000402404436002008B5084B5968890D08
:1071400001F03D018A05DA60054AD36F13B1D2F828
:1071500080009847BDE8084002F068BF0004024084
:107160004436002000230C4910B51A460B4C0B6026
:1071700054F82300026001EB430004334260402BCB
:10718000F6D1074A4FF0FF339360D360C2F808345A
:10719000C2F80C3410BD00BF443600204CC60008B5
:1071A000000002400F28F8B510D9102810D011287F
:1071B00011D0122808D10F240720DFF8B4E00126EF
:1071C000DEF80050A04208D9002649E00446F4E762
:1071D0000F240020F1E70724FBE706FA00F73D4201
:1071E00040D1214C4FEA001C3D4304EB00160EEB4E
:1071F000C000CEF80050C0E90123FBB24BB11B48E0
:10720000836B43F001038363036E43F00103036662
:10721000036E17F47F4F09D01448836B43F00203C9
:107220008363036E43F002030366036E54F80C009D
:10723000036823F01F030360056815F00105FBD107
:1072400004EB0C033D2493F80CC05F6804FA0CF4C3
:107250003C6021240560446112B1987B00F0B4FCCD
:107260003046F8BD0130ADE74CC600080045025875
:107270004436002010B5302484F31188FFF792FFC4
:10728000002383F3118810BD10B50446807B00F005
:10729000B1FC01231049627B03FA02F20B6823EA76
:1072A0000203DAB20B604AB90C4A916B21F001017A
:1072B0009163116E21F001011166126E13F47F4F7C
:1072C00009D1064B9A6B22F002029A631A6E22F0E1
:1072D00002021A661B6E10BD44360020004502589B
:1072E00008B5302383F31188FFF7CEFF002383F323
:1072F000118808BD836CC26A8B42506810B506D9EC
:107300005A1E4C0002EB4103B3FBF4F3184410BDCA
:1073100001F001038A0748BF43F002034A0748BF50
:1073200043F008030A0748BF43F00403CA0648BFF6
:1073300043F010038A06426B48BF43F02003134317
:107340004363704710B5074C204600F0BFFF064B63
:107350000022C4E91023054BA364054BE363054BEE
:10736000E36410BDC83600200070005200B4C404AD
:107370001C3700201C390020C36A0BB90E4BC362B6
:107380000379012B0CD10D4B984209D10C4B5A6B50
:1073900042F480325A63DA6D42F48032DA65DB6D92
:1073A000436C00221A65DA621A605A605A624FF022
:1073B000FF329A63704700BF4CC70008C8360020F0
:1073C000004502580379012B16D0436C00221A6540
:1073D000DA621A605A605A624FF0FF329A63074BC2
:1073E000984209D1064B5A6B22F480325A63DA6D07
:1073F00022F48032DA65DB6D704700BFC8360020AA
:107400000045025810B5446C0649FFF773FF6060F1
:10741000236842F2107043F003032360BDE810407C
:1074200001F05ABD801A06000129F8B5466C0B4FD1
:1074300009D175680A493D40FFF75CFF054345F4F3
:1074400080557560F8BD746806493C40FFF752FFEF
:10745000044344F480547460F4E700BF00ECFFFF81
:1074600080F0FA0240787D01436C00225A601A6075
:1074700070470000426C0129536823F4404304D054
:10748000022905D001B95360704743F48043FAE7FD
:1074900043F40043F7E70000436C41F480519A60E5
:1074A000D9605A6B1206FCD580229A63704700009F
:1074B00010B541F48851446CA260E160616B11F039
:1074C0004502FBD0A26311F0040203D0FFF720FFB6
:1074D000012010BD616910461960FAE710B541F44A
:1074E0008851446CA260E160616B11F04502FBD0F1
:1074F000A26311F0050203D0FFF70AFF012010BDBF
:10750000616910461960FAE773B5134604460E46E2
:10751000302282F31188426CD26B32B14FF0FF31CE
:107520004030019301F0E4FC019B606C0022026595
:10753000C263C262456B15F4807504D185F311886E
:10754000012002B070BD4FF0FF31816382F31188DA
:10755000012E06D90C21204602B0BDE87040FFF78D
:10756000BDBF1046EDE7000073B5446C0E46002524
:107570000192616BA1632565E562FFF7C9FE012EEB
:1075800007D9019B2A460C2102B0BDE87040FFF7E5
:10759000A5BF02B070BD000010B541F49851446C15
:1075A000A260E160616B11F04502FBD0A26311F0B3
:1075B0003F0203D0FFF7ACFE012010BD216A104648
:1075C0001960E1695960A16999606169D960F4E75E
:1075D0002DE9F74304460191006D01A9174698462D
:1075E00002F04CFC064600284AD0626C2046DDF8CA
:1075F00004905568C5F3090501356B00A56CB5FB12
:10760000F3F54FF47A73B5FBF3F55D43556200F083
:1076100023FE50BB636C4FF0FF3201254146C3F897
:10762000589020461D659A634FF49572DA6342F2D2
:1076300007029F62DA62E36C0A9AFFF74FFFA0B974
:10764000E26C104B11680B407BB929462046FFF7CE
:107650005BFF054648B92E463A460199206D02F077
:1076600045FC304603B0BDE8F0833A460199206DF1
:1076700002F03CFCE26C01212046FFF775FFF0E7C9
:107680000126EEE708E0FFFD2DE9F7431F46436CB6
:1076900001924FF47A725D6804468846C5F3090585
:1076A00001356E00856CB5FBF6F5B5FBF2F555437B
:1076B0005D6200F0D1FD20B10125284603B0BDE890
:1076C000F0837E0201A9206D324602F0D7FB054609
:1076D0000028F1D0636C019AD4F84C909A6501228D
:1076E0001A654FF0FF329A634FF49572DA639E6227
:1076F000236BDB064B4658BF4FEA4828012F424612
:107700001BD912212046FFF7E9FEC0B9D9F80020A5
:10771000104B13409BB9636C42F2930239462046EA
:10772000DA62E26CFFF7F0FE804640B9324601991A
:10773000206D454602F0DAFBBFE71121E2E7324651
:107740000199206D02F0D2FBE26C39462046FFF72A
:107750000BFFB2E708E0FFFD2DE9F3411F46436C44
:1077600001924FF47A725D6804468846C5F30905B4
:1077700001356E00856CB5FBF6F5B5FBF2F55543AA
:107780005D6200F069FD20B10125284602B0BDE828
:10779000F0817E0201A9206D324602F0B5FB05465C
:1077A0000028F1D0636C019A9A6501221A654FF0A6
:1077B000FF329A634FF48D72DA639E62236BE66C3C
:1077C000DB06334658BF4FEA4828012F424619D9F5
:1077D00019212046FFF782FEB0B932680F4B1340E3
:1077E00093B9636C42F2910239462046DA62E26C48
:1077F000FFF78AFE064638B901993546206D02F03A
:10780000BFFBC2E71821E4E70199206D02F0B8FB45
:10781000E26C39462046FFF7A7FEB6E708E0FFFD19
:1078200012F0030F2DE9F04107460C4615461E469F
:1078300017D00E44B44202D10020BDE8F0810123EC
:10784000FA6B21463846FFF71FFF0028F5D128467E
:107850004FF40072F96B05F500750134FAF7F2FA8E
:10786000E8E7BDE8F041FFF70FBF000012F0030F9B
:107870002DE9F04107460C4615461E4617D00E442A
:10788000B44202D10020BDE8F08129464FF40072D5
:10789000F86B05F50075FAF7D5FA0123FA6B214666
:1078A0003846FFF759FF0028EDD10134E8E7BDE87D
:1078B000F041FFF751BF000000207047302310B5A2
:1078C00083F311880024436C40302146DC6301F0CF
:1078D0001DFB84F3118810BD0268436811430160E9
:1078E00003B1184770470000024A136843F0C00311
:1078F0001360704700440040024A136843F0C0031D
:107900001360704700480040024A136843F0C00308
:107910001360704700780040044B9A6C02439A64ED
:107920001A6F104318671B6F704700BF004502585D
:1079300037B5274C274D204600F028FD04F11400F0
:10794000009400234FF40072234900F0C3F94FF470
:107950000072224904F138000094214B00F03CFAF7
:10796000204BC4E91735204C204600F00FFD04F1F0
:107970001400009400234FF400721C4900F0AAF98F
:107980004FF400721A4904F138000094194B00F0CA
:1079900023FA194BC4E91735184C204600F0F6FCC1
:1079A00004F1140000234FF400721549009400F014
:1079B00091F9144B4FF40072134904F1380000940C
:1079C00000F00AFA114BC4E9173503B030BD00BF0F
:1079D0002039002000E1F505643A002064400020D1
:1079E000E9780008004400408C390020643C002005
:1079F00064420020F978000800480040F83900206F
:107A0000643E0020097900086444002000780040AA
:107A100038B5264D0446037C002918BF0D46012BBE
:107A200006D1234B984230D14FF40030FFF774FF5A
:107A30002A68236EE16D03EB5203A566B3FBF2F3F4
:107A40006A68100442BF23F0070003F0070343EA0B
:107A50004003CB60AB6843F040034B60EB6843F0FE
:107A600001038B6042F4967343F001030B604FF007
:107A7000FF330B62510505D512F0102211D0B2F17F
:107A8000805F10D084F8643038BD0A4B984205D02E
:107A9000094B9842CCD14FF08040C7E74FF480208B
:107AA000C4E77F23EEE73F23ECE700BF54C700089D
:107AB000203900208C390020F83900202DE9F047CA
:107AC000C66D05463768F469210734621AD014F090
:107AD000080118BF4FF48071E20748BF41F0200150
:107AE000A3074FF0300348BF41F04001600748BF93
:107AF00041F0800183F31188281DFFF7EDFE00237C
:107B000083F31188E2050AD5302383F311884FF4FB
:107B10008061281DFFF7E0FE002383F311884FF0FA
:107B200030094FF0000A14F0200838D13B0616D572
:107B30004FF0300905F1380A200610D589F3118875
:107B4000504600F07DF9002836DA0821281DFFF79D
:107B5000C3FE27F080033360002383F31188790686
:107B600014D5620612D5302383F31188D5E9132387
:107B70009A4208D12B6C33B127F040071021281D01
:107B8000FFF7AAFE3760002383F31188E30618D5B8
:107B9000AA6E1369ABB15069BDE8F047184789F385
:107BA0001188736A284695F86410194000F008FCA3
:107BB0008AF31188F469B6E7B06288F31188F46932
:107BC000BAE7BDE8F0870000090100F16043012237
:107BD00003F56143C9B283F8001300F01F039A4014
:107BE00043099B0003F1604303F56143C3F880211F
:107BF0001A60704700F01F0301229A40430900F108
:107C000060409B0000F5614003F1604303F5614370
:107C1000C3F88020C3F88021002380F80033704728
:107C2000F8B51546826804460B46AA4200D285681C
:107C3000A1692669761AB5420BD218462A46FAF788
:107C400001F9A3692B44A3612846A3685B1BA360C9
:107C5000F8BD0CD9AF1B18463246FAF7F3F83A468E
:107C6000E1683044FAF7EEF8E3683B44EBE7184686
:107C70002A46FAF7E7F8E368E5E7000083689342ED
:107C8000F7B50446154600D28568D4E90460361A73
:107C9000B5420BD22A46FAF7D5F863692B446361E3
:107CA0002846A3685B1BA36003B0F0BD0DD9324624
:107CB000AF1B0191FAF7C6F801993A46E0683144E2
:107CC000FAF7C0F8E3683B44E9E72A46FAF7BAF85E
:107CD000E368E4E710B50A440024C361029B8460B2
:107CE000C16002610362C0E90000C0E9051110BD76
:107CF00008B5D0E90532934201D1826882B9826821
:107D0000013282605A1C426119700021D0E90432AC
:107D10009A4224BFC368436101F012F9002008BDF4
:107D20004FF0FF30FBE7000070B5302304460E46ED
:107D300083F31188A568A5B1A368A269013BA3607C
:107D4000531CA36115782269934224BFE368A361A1
:107D5000E3690BB120469847002383F31188284636
:107D600007E03146204601F0DBF80028E2DA85F32F
:107D7000118870BD2DE9F74F04460E461746984608
:107D8000D0F81C904FF0300A8AF311884FF0000BA6
:107D9000154665B12A4631462046FFF741FF0346A6
:107DA00060B94146204601F0BBF80028F1D000231D
:107DB00083F31188781B03B0BDE8F08FB9F1000F91
:107DC00003D001902046C847019B8BF31188ED1A20
:107DD0001E448AF31188DCE7C160C361009B8260A6
:107DE0000362C0E905111144C0E900000161704758
:107DF000F8B504460D461646302383F31188A7686C
:107E0000A7B1A368013BA36063695A1C62611D703E
:107E1000D4E904329A4224BFE3686361E3690BB199
:107E200020469847002080F3118807E0314620461D
:107E300001F076F80028E2DA87F31188F8BD000037
:107E4000D0E9052310B59A4201D182687AB98268D7
:107E50000021013282605A1C82611C7803699A42B7
:107E600024BFC368836101F06BF8204610BD4FF05A
:107E7000FF30FBE72DE9F74F04460E4617469846BC
:107E8000D0F81C904FF0300A8AF311884FF0000BA5
:107E9000154665B12A4631462046FFF7EFFE0346F8
:107EA00060B94146204601F03BF80028F1D000239C
:107EB00083F31188781B03B0BDE8F08FB9F1000F90
:107EC00003D001902046C847019B8BF31188ED1A1F
:107ED0001E448AF31188DCE70379052B05BF836A0A
:107EE000002001204B6004BF4FF400730B6070470B
:107EF00070B55D1E866A04460D44B54205D9436BD4
:107F000043F080034363012070BD06250571FFF730
:107F100087FC05232371F7E770B55D1E866A04466A
:107F20000D44B54205D9436B43F080034363012000
:107F300070BD07250571FFF799FC05232371F7E74D
:107F400038B505790446052D05D108230371FFF7DF
:107F5000B3FC257138BD0120FCE700000323F0B518
:107F6000037185B00446FFF74DFA00222046114602
:107F7000FFF792FA4FF4D57203AB08212046FFF7C2
:107F8000ADFA0246B8B901232363039BC3F303236D
:107F9000012B09D103AB37212046FFF79FFA18B90F
:107FA000A44B039A1340ABB120460125FFF75CFABE
:107FB0000223237137E103AB002237212046FFF76C
:107FC0008DFA28B99B4A039B1A40002A00F0A7802B
:107FD00002232363236B03F00F03022B40F0A980DD
:107FE0006425954E42F2107000F076FF03AB3246E6
:107FF00001212046FFF75CFA0028D5D1039B002B16
:1080000080F293805A0003D5236B43F0100323635F
:10801000002204F1080302212046FFF7BDFA0246C0
:108020000028C1D104F1380303212046FFF756FA96
:108030000028B9D104F11805A26B092120462B466E
:10804000FFF7AAFA0028AFD102ABA26B07212046A6
:10805000FFF744FA06460028A6D1236B03F00F036E
:10806000022B40F08F807E227F21284603F03AFACF
:10807000012840F28780E76B42F2107000F02CFF7D
:1080800008234FF40072394620460096FFF7A0FA05
:10809000002889D1384603F073FA236BA06203F0FD
:1080A0000F03022B72D103AB644A06212046FFF76F
:1080B00015FA002871D15F49039B1940B1FA81F18B
:1080C00049092046FFF7B0F902AB4FF400721021C6
:1080D0002046FFF703FA054600287FF465AF554EAA
:1080E000029B33427FF460AF236B13F00E0F03F05B
:1080F0000F0273D0022A7FF457AFE36A197801297F
:1081000000F09480022900F09380002900F089801B
:108110004B4F2046FFF7AEF903AB3A4676E01146E7
:1081200020462263FFF7B8F954E7013D7FF45AAFC8
:108130003AE7444D6426444A3E4F012B18BF15468A
:1081400003AB002237212046FFF7C8F900287FF44F
:108150002BAF039B3B427FF427AF03AB2A46292179
:108160002046FFF7A5F900287FF41EAF039B002BE4
:10817000FFF648AF013E3FF417AF42F2107000F037
:10818000ABFEDDE7284603F0CFF986E77E227F21AC
:108190002846E66B03F0A6F908B9002191E7002311
:1081A00040223146204600930623FFF711FA0028AB
:1081B000F3D1B3895BBA9B07EFD5244B40223146FC
:1081C000204600930623FFF703FA0028E5D1317C0F
:1081D00001F00F010F3918BF012172E7E36A197826
:1081E000F9B101297FF4E0AE2046FFF743F903AB74
:1081F000A26B37212046FFF771F900287FF4D4AE37
:10820000039B33427FF4D0AE03AB0222062120460B
:10821000FFF764F900287FF4C7AE039B33427FF475
:10822000C3AE05232371284605B0F0BD084F70E7A3
:10823000084F6EE708E0FFFD0080FFC00001B903B2
:108240000000B7030080FF5000001080F1FFFF80A6
:108250000001B7030002B70337B504460C4D01AB6C
:10826000A26B0D212046FFF739F978B9019B2B420B
:108270000BD1C3F34323042B08D0053B022B04D8B6
:108280004FF47A7000F028FEE9E7012003B030BD1A
:1082900008E0FFFD70B53023054683F311880379AC
:1082A0000024022B03D184F31188204670BD0423DF
:1082B000037184F311880226FFF7CEFF0446284697
:1082C000FFF7D2F82E71F0E7FFF73CB8044B0360DC
:1082D0000123037100234363C0E90A33704700BFE1
:1082E0006CC7000810B53023044683F31188C162BF
:1082F000FFF742F802230020237180F3118810BD9C
:1083000010B53023044683F31188FFF75BF8002390
:108310000122E362227183F3118810BD0268436871
:108320001143016003B11847704700001430FFF794
:1083300021BD00004FF0FF331430FFF71BBD0000DC
:108340003830FFF797BD00004FF0FF333830FFF7AC
:1083500091BD00001430FFF7E7BC00004FF0FF3183
:108360001430FFF7E1BC00003830FFF741BD0000DA
:108370004FF0FF323830FFF73BBD0000012914BF3A
:108380006FF0130000207047FFF7D2BA044B036070
:1083900000234360C0E9023301230374704700BF28
:1083A00090C7000810B53023044683F31188FFF707
:1083B0002FFB02230020237480F3118810BD0000DE
:1083C00038B5C36904460D461BB904210844FFF7BC
:1083D000A5FF294604F11400FFF78AFC002806DAFD
:1083E000201D4FF40061BDE83840FFF797BF38BD4E
:1083F000026843681143016003B1184770470000E9
:1084000013B5406B00F58054D4F8A4381A6811787D
:10841000042914D1017C022911D11979012312896F
:108420008B4013420BD101A94C3002F089FFD4F8E4
:10843000A4480246019B2179206800F0DFF902B0D0
:1084400010BD0000143002F00BBF00004FF0FF33EE
:10845000143002F005BF00004C3002F0DDBF000018
:108460004FF0FF334C3002F0D7BF0000143002F061
:10847000D9BE00004FF0FF31143002F0D3BE00002F
:108480004C3002F0A9BF00004FF0FF324C3002F038
:10849000A3BF00000020704710B500F58054D4F849
:1084A000A4381A681178042917D1017C022914D143
:1084B0005979012352898B4013420ED1143002F0B6
:1084C0006BFE024648B1D4F8A4484FF4407361797A
:1084D0002068BDE8104000F07FB910BD406BFFF789
:1084E000DBBF0000704700007FB5124B012504265A
:1084F000044603600023057400F1840243602946AA
:10850000C0E902330C4B0290143001934FF44073D6
:10851000009602F01DFE094B04F69442294604F130
:108520004C000294CDE900634FF4407302F0E4FE86
:1085300004B070BDB8C70008DD84000801840008DD
:108540000A68302383F311880B790B3342F8230038
:108550004B79133342F823008B7913B10B3342F874
:10856000230000F58053C3F8A418022303740020ED
:1085700080F311887047000038B5037F044613B1BB
:1085800090F85430ABB90125201D0221FFF730FFD0
:1085900004F114006FF00101257700F0DDFC04F117
:1085A0004C0084F854506FF00101BDE8384000F0F1
:1085B000D3BC38BD10B5012104460430FFF718FFC5
:1085C0000023237784F8543010BD000038B50446EA
:1085D0000025143002F0D4FD04F14C00257702F0A0
:1085E000A3FE201D84F854500121FFF701FF20460F
:1085F000BDE83840FFF750BF90F8803003F06003CB
:10860000202B06D190F881200023212A03D81F2A8D
:1086100006D800207047222AFBD1C0E91D3303E0B1
:10862000034A426707228267C3670120704700BF81
:108630004422002037B500F58055D5F8A4381A68D3
:10864000117804291AD1017C022917D11979012343
:1086500012898B40134211D100F14C04204602F0E4
:1086600023FF58B101A9204602F06AFED5F8A448BC
:108670000246019B2179206800F0C0F803B030BDAC
:1086800001F10B03F0B550F8236085B004460D46A8
:10869000FEB1302383F3118804EB8507301D0821D8
:1086A000FFF7A6FEFB6806F14C005B691B681BB177
:1086B000019002F053FE019803A902F041FE024628
:1086C00048B1039B2946204600F098F8002383F325
:1086D000118805B0F0BDFB685A691268002AF5D010
:1086E0001B8A013B1340F1D104F18002EAE700004C
:1086F000133138B550F82140ECB1302383F31188A1
:1087000004F58053D3F8A4281368527903EB82034D
:10871000DB689B695D6845B104216018FFF768FE5E
:10872000294604F1140002F041FD2046FFF7B4FE93
:10873000002383F3118838BD7047000001F070BD3D
:1087400001234022002110B5044600F8303BF9F720
:108750009FFB0023C4E9013310BD000010B5302396
:10876000044683F311882422416000210C30F9F77C
:108770008FFB204601F076FD02230020237080F35A
:10878000118810BD70B500EB8103054650690E4697
:108790001446DA6018B110220021F9F779FBA069BC
:1087A00018B110220021F9F773FB31462846BDE8C5
:1087B000704001F057BE000083682022002103F0C2
:1087C000011310B5044683601030F9F761FB2046B1
:1087D000BDE8104001F0D2BEF0B4012500EB8104E9
:1087E00047898D40E4683D43A469458123600023A7
:1087F000A2606360F0BC01F0EFBE0000F0B40125A0
:1088000000EB810407898D40E4683D43646905817C
:1088100023600023A2606360F0BC01F065BF00002C
:1088200070B5022300250446242203702946C0F8AF
:1088300088500C3040F8045CF9F72AFB204684F895
:10884000705001F0A3FD63681B6823B129462046E0
:10885000BDE87040184770BD0378052B10B504467D
:108860000AD080F88C300523037043681B680BB175
:10887000042198470023A36010BD0000017805295A
:1088800006D190F88C20436802701B6803B118472A
:108890007047000070B590F87030044613B10023A3
:1088A00080F8703004F18002204601F08BFE63688E
:1088B0009B68B3B994F8803013F0600535D000217F
:1088C000204602F07DF90021204602F06DF9636830
:1088D0001B6813B1062120469847062384F87030A0
:1088E00070BD204698470028E4D0B4F88630A26FC7
:1088F0009A4288BFA36794F98030A56F002B4FF090
:10890000300380F20381002D00F0F280092284F808
:10891000702083F3118800212046D4E91D23FFF73E
:108920006DFF002383F31188DAE794F8812003F0C8
:108930007F0343EA022340F20232934200F0C580F3
:1089400021D8B3F5807F48D00DD8012B3FD0022B22
:1089500000F09380002BB2D104F1880262670222FA
:10896000A267E367C1E7B3F5817F00F09B80B3F5B1
:10897000407FA4D194F88230012BA0D1B4F8883084
:1089800043F0020332E0B3F5006F4DD017D8B3F5D2
:10899000A06F31D0A3F5C063012B90D86368204647
:1089A00094F882205E6894F88310B4F88430B0475D
:1089B000002884D0436863670368A3671AE0B3F5AF
:1089C000106F36D040F6024293427FF478AF5C4B92
:1089D00063670223A3670023C3E794F88230012B67
:1089E0007FF46DAFB4F8883023F00203A4F8883028
:1089F000C4E91D55E56778E7B4F88030B3F5A06F9A
:108A00000ED194F88230204684F88A3001F01CFDA3
:108A100063681B6813B10121204698470323237024
:108A20000023C4E91D339CE704F18B036367012332
:108A3000C3E72378042B10D1302383F31188204619
:108A4000FFF7BAFE85F311880321636884F88B5021
:108A500021701B680BB12046984794F88230002B98
:108A6000DED084F88B300423237063681B68002BEE
:108A7000D6D0022120469847D2E794F88430204689
:108A80001D0603F00F010AD501F08EFD012804D068
:108A900002287FF414AF2B4B9AE72B4B98E701F099
:108AA00075FDF3E794F88230002B7FF408AF94F85B
:108AB000843013F00F01B3D01A06204602D502F01D
:108AC00097F8ADE702F088F8AAE794F88230002B17
:108AD0007FF4F5AE94F8843013F00F01A0D01B069C
:108AE000204602D502F06CF89AE702F05DF897E7AD
:108AF000142284F8702083F311882B462A462946D5
:108B00002046FFF769FE85F31188E9E65DB115227D
:108B100084F8702083F3118800212046D4E91D23B6
:108B2000FFF75AFEFDE60B2284F8702083F31188CC
:108B30002B462A4629462046FFF760FEE3E700BFA2
:108B4000E8C70008E0C70008E4C7000838B590F897
:108B500070300446002B3ED0063BDAB20F2A34D8E0
:108B60000F2B32D8DFE803F03731310822323131B0
:108B70003131313131313737856FB0F886309D4230
:108B800014D2C3681B8AB5FBF3F203FB12556DB90F
:108B9000302383F311882B462A462946FFF72EFE01
:108BA00085F311880A2384F870300EE0142384F8CA
:108BB0007030302383F31188002320461A4619466B
:108BC000FFF70AFE002383F3118838BDC36F03B19A
:108BD00098470023E7E70021204601F0F1FF00213C
:108BE000204601F0E1FF63681B6813B106212046AF
:108BF00098470623D7E7000010B590F87030044678
:108C0000142B29D017D8062B05D001D81BB110BDC5
:108C1000093B022BFBD80021204601F0D1FF0021A7
:108C2000204601F0C1FF63681B6813B1062120468E
:108C30009847062319E0152BE9D10B2380F87030F3
:108C4000302383F3118800231A461946FFF7D6FD17
:108C5000002383F31188DAE7C3689B695B68002B04
:108C6000D5D1C36F03B19847002384F87030CEE7A5
:108C70000023826880F8243083691B6899689142D8
:108C8000FBD25A6803604260106058607047000071
:108C90000023826880F8243083691B6899689142B8
:108CA000FBD85A680360426010605860704700004B
:108CB00008B50846302383F3118891F82430032B3C
:108CC00005D0042B0DD02BB983F3118808BD8B6A16
:108CD00000221A604FF0FF338362FFF7C9FF0023C1
:108CE000F2E7D1E9003213605A60F3E7034610B5AA
:108CF0001B68984203D09C688A689442F8D25A68EC
:108D00000B604A601160596010BD0000FFF7B0BFF2
:108D1000064BD96881F824001868026853601A600D
:108D20000122D86080F82420F7F710BC68460020A4
:108D30000C4B30B5DD684B1C87B004460FD02B467A
:108D4000094A684600F09CF92046FFF7E1FF009BC6
:108D500013B1684600F09EF9A86A07B030BDFFF76E
:108D6000D7FFF9E768460020B18C0008044B1A6869
:108D7000DB6890689B68984294BF00200120704790
:108D800068460020094B10B51C68D86822685360FB
:108D90001A600122DC6084F82420FFF779FF014685
:108DA0002046BDE81040F7F7D1BB00BF6846002061
:108DB000044B1A68DB6892689B689A4201D9FFF7F6
:108DC000E1BF70476846002038B50123084C0025F4
:108DD0002370656002F002FC02F028FC0549064899
:108DE00002F0FEFC0223237085F3118838BD00BF1A
:108DF00010490020F0C700086846002000F080B944
:108E0000034A516853685B1A9842FBD8704700BF09
:108E1000001000E08B604B630023CA6100F1280260
:108E20000B6302230A618B840123886181F8263059
:108E300001F11003C26A4A611360C36201F12C039D
:108E40000846CB6270470000D0E90131026841F862
:108E5000183CA1F19C033839CB60036941F8243CEC
:108E6000436941F8203C034B41F8043CC368024885
:108E7000FFF7D0BF650500086846002008B5FFF77A
:108E8000E3FFBDE80840FFF741BF000038B50E4BD7
:108E9000DC6804F12C05A062E06AA8420FD194F8C6
:108EA00026303BB994F825309B0702BFD4E9043241
:108EB00013605A600F20BDE83840FFF729BF0368F0
:108EC000E362FFF723FFE7E768460020302383F3E0
:108ED0001188FFF7DBBF000008B50146302383F39C
:108EE00011880820FFF724FF002383F3118808BDB1
:108EF000054BDB6821B1036098620320FFF718BFC0
:108F00004FF0FF30704700BF6846002003682BB168
:108F10000022026018469962FFF7F8BE7047000011
:108F2000064BDB6839B1426818605A6013604360D1
:108F30000420FFF7FDBE4FF0FF3070476846002069
:108F40000368984206D01A68026050601846996219
:108F5000FFF7DCBE7047000038B504460D462068B8
:108F6000844200D138BD036823605C608562FFF7EE
:108F7000CDFEF4E7036810B59C68A2420CD85C688B
:108F80008A600B604C602160596099688A1A9A6007
:108F90004FF0FF33836010BD121B1B68ECE700002D
:108FA0000A2938BF0A2170B504460D460A26601901
:108FB00002F00EFB02F0F6FA041BA54203D8751C62
:108FC00004462E46F3E70A2E04D90120BDE870407E
:108FD00002F0CEBC70BD0000F8B5144B0D460A2A55
:108FE0004FF00A07D96103F11001826038BF0A22ED
:108FF000416019691446016048601861A81802F0C0
:10900000D7FA02F0CFFA431B0646A34206D37C1CD4
:1090100028192746354602F0DBFAF2E70A2F04D971
:109020000120BDE8F84002F0A3BCF8BD684600206E
:10903000F8B506460D4602F0B5FA0F4A134653F846
:10904000107F9F4206D12A4601463046BDE8F840CF
:10905000FFF7C2BFD169BB68441A2C1928BF2C4640
:10906000A34202D92946FFF79BFF22463146034817
:10907000BDE8F840FFF77EBF684600207846002034
:10908000C0E90323002310B45DF8044B4361FFF7EC
:10909000CFBF000010B5194C236998420DD08168EC
:1090A000D0E9003213605A609A680A449A6000233B
:1090B00003604FF0FF33A36110BD0268234643F8FD
:1090C000102F53600022026022699A4203D1BDE84A
:1090D000104002F077BA936881680B44936002F005
:1090E00061FA2269E1699268441AA242E4D9114402
:1090F000BDE81040091AFFF753BF00BF68460020C3
:109100002DE9F047DFF8BC8008F110072C4ED8F8A5
:10911000105002F047FAD8F81C40AA68031B9A4284
:109120003ED814444FF00009D5E90032C8F81C407D
:1091300013605A60C5F80090D8F81030B34201D1DE
:1091400002F040FA89F31188D5E90331284698479F
:10915000302383F311886B69002BD8D002F022FAF8
:109160006A69A0EB040982464A450DD2022002F04A
:10917000FFFB0022D8F81030B34208D151462846F0
:10918000BDE8F047FFF728BF121A2244F2E712EBBE
:1091900009092946384638BF4A46FFF7EBFEB5E7CE
:1091A000D8F81030B34208D01444C8F81C00211A73
:1091B000A960BDE8F047FFF7F3BEBDE8F08700BF48
:1091C000784600206846002038B502F0EBF9054AE1
:1091D000D2E90845031B181945F10001C2E908014D
:1091E00038BD00BF6846002010B560B90748047953
:1091F0000368053C9B6818BF0124984708B144F0F8
:109200000404204610BD0124FBE700BFC83600203F
:10921000FFF7EABF2DE9F047884617469A4604460D
:10922000B0B90D4E3579052D05D003240DE0013D73
:1092300015F0FF050ED03268534639463046D2F855
:1092400014904246C8470028F1D12046BDE8F08777
:109250000424FAE70124F8E7C83600202DE9F04796
:10926000884617469A460446B0B90D4E3579052D05
:1092700005D003240DE0013D15F0FF050ED0326846
:10928000534639463046D2F818904246C84700281F
:10929000F1D12046BDE8F0870424FAE70124F8E77D
:1092A000C836002037B50C46154670B951B10129B2
:1092B0000BD10748694603681B6A984710B9019BA0
:1092C00004462B60204603B030BD0424FAE700BFFB
:1092D000C836002000207047FEE7000070470000FD
:1092E0004FF0FF30704700004B6843608B6883602D
:1092F000CB68C3600B6943614B6903628B6943624E
:109300000B6803607047000008B53C4B40F2FF71EA
:109310003B48D3F888200A43C3F88820D3F8882034
:1093200022F4FF6222F00702C3F88820D3F88830C5
:10933000344B1A6C0A431A649A6E0A439A66324A8C
:109340009B6E1146FFF7D0FF00F5806002F11C0113
:10935000FFF7CAFF00F5806002F13801FFF7C4FF94
:1093600000F5806002F15401FFF7BEFF00F5806058
:1093700002F17001FFF7B8FF00F5806002F18C0187
:10938000FFF7B2FF00F5806002F1A801FFF7ACFF24
:1093900000F5806002F1C401FFF7A6FF00F58060D0
:1093A00002F1E001FFF7A0FF00F5806002F1FC018F
:1093B000FFF79AFF02F58C7100F58060FFF794FFCC
:1093C00001F0AAFC114BD3F8902242F00102C3F83D
:1093D0009022D3F8942242F00102C3F8942205228D
:1093E000C3F898204FF06052C3F89C20084AC3F895
:1093F000A020BDE8084000F001BD00BF00440258B5
:10940000000002580045025804C8000800ED00E0C2
:109410001F00080308B501F087FEFFF7D5FC0D4BD0
:10942000DA6B42F04002DA635A6E22F040025A666A
:109430005B6E094B1A6842F008021A601A6842F023
:1094400004021A6000F0A4FD00F040FBBDE80840F3
:1094500000F0B4B8004502580018024801207047D7
:10946000002070477047000002290CD0032904D067
:109470000129074818BF00207047032A05D805486E
:1094800000EBC2007047044870470020704700BFDF
:1094900014CA000854220020C8C9000870B59AB048
:1094A00005460846144601A900F0C2F801A8F8F7DD
:1094B000E7FC431C0022C6B25B001046C5E900343D
:1094C00023700323023404F8013C01ABD1B202340F
:1094D0008E4201D81AB070BD13F8011B013204F896
:1094E000010C04F8021CF1E708B5302383F311885E
:1094F0000348FFF79FF8002383F3118808BD00BFDE
:109500001849002090F8803003F01F02012A07D18B
:1095100090F881200B2A03D10023C0E91D3315E008
:1095200003F06003202B08D1B0F884302BB990F8F9
:109530008120212A03D81F2A04D8FFF75DB8222AE8
:10954000EBD0FAE7034A426707228267C36701202C
:10955000704700BF4B22002007B5052917D8DFE868
:1095600001F0191603191920302383F31188104ACA
:1095700001210190FFF706F9019802210D4AFFF73A
:1095800001F90D48FFF722F8002383F3118803B097
:109590005DF804FB302383F311880748FEF7ECFFE6
:1095A000F2E7302383F311880348FFF703F8EBE772
:1095B00068C900088CC900081849002038B50C4D4E
:1095C0000C4C2A460C4904F10800FFF767FF05F12F
:1095D000CA0204F110000949FFF760FF05F5CA72DD
:1095E00004F118000649BDE83840FFF757BF00BF37
:1095F000F06100205422002038C9000842C9000848
:109600005CC9000870B5044608460D46F8F738FCFA
:10961000C6B22046013403780BB9184670BD3246F5
:109620002946F8F719FC0028F3D10120F6E70000DD
:109630002DE9F04705460C46F8F722FC2C49C6B246
:109640002846FFF7DFFF08B10C36F6B22949284655
:10965000FFF7D8FF08B11036F6B2632E0BD8DFF84B
:109660009080DFF89090244FDFF898A02E7846B9CC
:109670002670BDE8F08729462046BDE8F04702F095
:109680003DBA252E30D1072241462846F8F7E4FBA3
:1096900080B91A4B224603F1100153F8040B8B4298
:1096A00042F8040BF9D1198807359B7813341180DF
:1096B0009370DBE7082249462846F8F7CDFB98B9B6
:1096C000A21C0F4B197802320909C95D02F8041C6B
:1096D00013F8011B01F00F015345C95D02F8031C8B
:1096E000F0D118340835C1E7013504F8016BBDE746
:1096F00034CA00085CC9000850CA00083CCA000807
:1097000000E8F11F0CE8F11FBFF34F8F044B1A69FB
:109710005107FCD1D3F810215207F8D1704700BF90
:109720000020005208B50D4B1B78ABB9FFF7ECFFDA
:109730000B4BDA68D10704D50A4A5A6002F1883225
:109740005A60D3F80C21D20706D5064AC3F8042183
:1097500002F18832C3F8042108BD00BF4E64002026
:10976000002000522301674508B5114B1B78F3B95F
:10977000104B1A69510703D5DA6842F04002DA60EB
:10978000D3F81021520705D5D3F80C2142F040023E
:10979000C3F80C21FFF7B8FF064BDA6842F001026C
:1097A000DA60D3F80C2142F00102C3F80C2108BDA5
:1097B0004E640020002000520F289ABF00F5806000
:1097C00040040020704700004FF400307047000054
:1097D000102070470F2808B50BD8FFF7EDFF00F5F4
:1097E00000330268013204D104308342F9D10120F0
:1097F00008BD0020FCE700000F2838B505463FD81B
:10980000FFF782FF1F4CFFF78DFF4FF0FF33072854
:109810006361C4F814311DD82361FFF775FF03029B
:1098200043F02403E360E36843F08003E3602369CB
:109830005A07FCD42846FFF767FFFFF7BDFF4FF438
:10984000003100F0B7FA2846FFF78EFFBDE8384038
:10985000FFF7C0BFC4F81031FFF756FFA0F10803AF
:109860001B0243F02403C4F80C31D4F80C3143F04C
:109870008003C4F80C31D4F810315B07FBD4D9E76E
:10988000002038BD002000522DE9F84F04460D4657
:10989000104644EA0203DE0602D00020BDE8F88F3D
:1098A00020F01F00DFF8D4B0DFF8D4A0FFF73AFFB4
:1098B00005EB0008454503D10120FFF755FFEDE713
:1098C00020222946204602F0BFF810B92034203566
:1098D000F0E7234604F120021F68791CDDD1043330
:1098E0009342F9D104F178432048214EB3F5801F0B
:1098F000204B38BF184603F1F80332BFD946D14692
:109900001E46FFF701FF0760A4EB050C336805F165
:109910001C0143F0020333602B1FD9F8007017F0CD
:109920000507FAD153F8042F8B424CF80320F4D1E9
:10993000BFF34F8FFFF7E8FE4FF0FF33036033684C
:1099400023F002033360BFF34F8F0B4BC3F85C422D
:10995000BFF34F8FBFF36F8F20222946204602F0BE
:1099600073F80028B2D03846A7E700BF1421005290
:109970000C2000521420005200ED00E01020005294
:109980001021005210B5084C237828B11BB9FFF7FD
:10999000C9FE0123237010BD002BFCD02070BDE850
:1099A0001040FFF7E1BE00BF4E6400202DE9F04FEC
:1099B0000D4685B0814658B111F00D0614BF202226
:1099C000082211F00803019304D0431E034269D01A
:1099D000002435E0002E37D009F11F0121F01F09C6
:1099E0004FF00108314F05F00403DFF8CCA005EA81
:1099F000080BBBF1000F32D07869C0072FD408F1F3
:109A000001080C37B8F1060FF3D19EB9284D49462D
:109A1000A819019201F02CFE0446002839D1203605
:109A2000019AA02EF3D1494601F022FE04460028F7
:109A30002FD1019A49461F4801F01AFE044660BB27
:109A4000204605B0BDE8F08F0029C9D1014628465F
:109A5000029201F00DFE0446D8B9029AC0E713B194
:109A600078694107CBD5AC0702D578698007C6D5A0
:109A7000019911B178690107C1D549460AEB48102F
:109A8000CDE9022301F0F4FD0446DDE902230028BC
:109A9000B5D04A460021204601E04A460021F8F7A9
:109AA000F7F9CDE70246002E96D199E764CA00087F
:109AB0009064002050640020706400200021FFF7B3
:109AC00075BF00000121FFF771BF000070B5144D94
:109AD0000124144E40F2FF3200210120F8F7D8F99A
:109AE00006EB441001342A6955F80C1F01F0ACFD57
:109AF000062CF5D137254FF4C0542046FFF7E2FF7E
:109B0000014628B122460848BDE8704001F09CBDDE
:109B1000C4EBC404013D4FEAD404EED170BD00BFD4
:109B200064CA000870640020506400200421FFF71C
:109B30003DBF00004843FFF7C1BF000008B101F07E
:109B400009BE7047B0F5805F10B5044607D8FFF72F
:109B5000EDFF28B92046BDE81040FFF7AFBF002059
:109B600010BD0000FFF7EABF70B5AAB140EA0103DB
:109B700013F01F030FD1094C0144A5686D0706D5EA
:109B80002568A84203D366683544A94204D9033343
:109B90000C34122BF1D10022104670BD64CA0008AB
:109BA00008B501F0EDFE034AD2E90032C01842EBDD
:109BB000010108BD30650020434BD3E900232DE9A6
:109BC000F34113437CD0FFF7EBFF404A002300270B
:109BD000F6F7D6FC06460D463D4A0023F6F7D0FCC4
:109BE0000023144630462946394AF6F7C9FC4FF49B
:109BF00061613C23ADF80170B4FBF1F5B4FBF3F601
:109C000001FB154103FB16464624B1FBF3F1314B32
:109C1000F6B28DF8004098423CD84FF0640C4FF4F7
:109C2000C87EA30704F26C7225D1B2FBFCF30CFBD7
:109C3000132313BBB2FBFEF30EFB1322B2FA82F323
:109C40005B0903F26D18621C8045D2B217D90FB1BF
:109C50008DF800400022204C4FF00C0C17460CFBF6
:109C60000343D4B2013213F804C084450CD8A0EBEE
:109C70000C000127F5E70023E3E70123E1E7A0EB70
:109C8000080014460127CCE70FB18DF80140431CB2
:109C90008DF802309DF80100431C9DF800005038FB
:109CA000400640EA43509DF8023040EA034040EA53
:109CB000560040EAC52040EA411002B0BDE8F081FC
:109CC0004FF40410F9E700BF3065002040420F0058
:109CD0008051010090230B00ACCA00080244074BDE
:109CE000D2B210B5904200D110BD441C00B253F85E
:109CF000200041F8040BE0B2F4E700BF50400058E8
:109D00000E4B30B51C6F240405D41C6F1C671C6FF0
:109D100044F400441C670A4C02442368D2B243F462
:109D200080732360074B904200D130BD441C51F832
:109D3000045B00B243F82050E0B2F4E7004402585C
:109D4000004802585040005807B5012201A90020E0
:109D5000FFF7C4FF019803B05DF804FB13B5044698
:109D6000FFF7F2FFA04205D0012201A900200194D3
:109D7000FFF7C6FF02B010BD10B56424013C4FF4DC
:109D80007A70FFF7A9F814F0FF04F7D1084B4FF0F1
:109D9000807214249A6103F5805308229A61013C71
:109DA0004FF47A70FFF798F814F0FF04F7D110BD64
:109DB000000002580144BFF34F8F064B884204D382
:109DC000BFF34F8FBFF36F8F7047C3F85C02203033
:109DD000F4E700BF00ED00E00144BFF34F8F064BF6
:109DE000884204D3BFF34F8FBFF36F8F7047C3F820
:109DF00070022030F4E700BF00ED00E0114BDA699B
:109E000052021ED59A69D00704D50F4A9A6002F112
:109E100044329A600B4BDA69D107FCD41A6A22F4F7
:109E200080021A629A6942F002029A61DA69D207E4
:109E3000FCD49A6942F001029A61024AD369DB07B5
:109E4000FCD47047002000523B2A190870B5054623
:109E500016460C4601201021FFF76CFE2860467361
:109E60003CB1204636B1FFF761FE2B68186000B1A7
:109E70009C6070BDFFF726FEF7E70000F8B50F46BF
:109E80001546044648B905F11F010126386821F03E
:109E90001F01FFF78FFF3046F8BD427B2946386827
:109EA000FFF762FE06460028EDD13B686360A368B9
:109EB000AB4210D213B12068FFF740FE637B284607
:109EC0002BB1FFF733FE206020B9A060E3E7FFF776
:109ED000F9FDF8E7A560206805F11F01012621F0D2
:109EE0001F013860FFF766FF2673D4E710B50446FC
:109EF00040B10068884205D1606808B1F7F7A2FF59
:109F00000023237310BD0000F8B50F461446054624
:109F100048B904F11F010126386821F01F01FFF73D
:109F20005BFF3046F8BD427B21463868FFF71CFED8
:109F300006460028EDD1AB68A34210D213B12868C1
:109F4000FFF7FCFD6B7B20462BB1FFF7EFFD286090
:109F500020B9A860E5E7FFF7B5FDF8E7AC60396820
:109F600019B122462868F7F76DFF286804F11F0130
:109F7000012621F01F013860FFF72EFF2E73D0E776
:109F800020B103688B4204BF0023037370470000B5
:109F9000034B1A681AB9034AD2F8D0241A607047E2
:109FA000386500200040025808B5FFF7F1FF024B6A
:109FB0001868C0F3806008BD38650020EFF309839E
:109FC000054968334A6B22F001024A6383F309882A
:109FD000002383F31188704700EF00E0302080F306
:109FE000118862B60D4B0E4AD96821F4E06109046C
:109FF000090C0A430B49DA60D3F8FC2042F0807266
:10A00000C3F8FC20084AC2F8B01F116841F00101F2
:10A0100011602022DA7783F82200704700ED00E01B
:10A020000003FA0555CEACC5001000E0302310B592
:10A0300083F311880E4B5B6813F4006314D0F1EEC8
:10A04000103AEFF309844FF08073683CE361094BE9
:10A05000DB6B236684F30988FEF788FE10B1064B9C
:10A06000A36110BD054BFBE783F31188F9E700BF3F
:10A0700000ED00E000EF00E0770500087A05000839
:10A0800070B5BFF34F8FBFF36F8F1A4A0021C2F82C
:10A090005012BFF34F8FBFF36F8F536943F40033F8
:10A0A0005361BFF34F8FBFF36F8FC2F88410BFF3BC
:10A0B0004F8FD2F8803043F6E074C3F3C900C3F386
:10A0C0004E335B0103EA0406014646EA8175013915
:10A0D000C2F86052F9D2203B13F1200FF2D1BFF346
:10A0E0004F8F536943F480335361BFF34F8FBFF3F6
:10A0F0006F8F70BD00ED00E0FEE70000214B2248AD
:10A10000224A70B5904237D3214BC11EDA1C121A75
:10A1100022F003028B4238BF00220021F7F7B8FE7D
:10A120001C4A0023C2F88430BFF34F8FD2F880302E
:10A1300043F6E074C3F3C900C3F34E335B0103EA93
:10A140000406014646EA81750139C2F86C52F9D21B
:10A15000203B13F1200FF2D1BFF34F8FBFF36F8F6E
:10A16000BFF34F8FBFF36F8F0023C2F85032BFF39E
:10A170004F8FBFF36F8F70BD53F8041B40F8041B63
:10A18000C0E700BFB4CB000834670020346700206C
:10A190003467002000ED00E0054B996B21EA0001D7
:10A1A00099631A6E22EA00021A661B6E704700BF9E
:10A1B0000045025870B5D0E9244300224FF0FF3526
:10A1C0009E6804EB42135101D3F80009002805DA18
:10A1D000D3F8000940F08040C3F80009D3F8000B21
:10A1E000002805DAD3F8000B40F08040C3F8000BDC
:10A1F000013263189642C3F80859C3F8085BE0D2ED
:10A200004FF00113C4F81C3870BD0000890141F003
:10A210002001016103699B06FCD41220FEF7F0BD0A
:10A2200010B50A4C2046FEF78BFA094BC4F8903063
:10A23000084BC4F89430084C2046FEF781FA074BCF
:10A24000C4F89030064BC4F8943010BD3C65002033
:10A2500000000840E8CA0008D8650020000004405B
:10A26000F4CA000870B503780546012B58D13F4B5E
:10A27000D0F89040984254D13D4B0E2165209A6B06
:10A2800042F000629A631A6E42F000621A661B6E18
:10A29000384BD3F8802042F00062C3F88020D3F816
:10A2A000802022F00062C3F88020D3F88030FDF7D0
:10A2B0008BFC314BE360314BC4F800380023D5F8F8
:10A2C0009060C4F8003EC02323604FF40413A363DE
:10A2D0003369002BFCDA01230C203361FEF790FD7B
:10A2E0003369DB07FCD41220FEF78AFD3369002BAB
:10A2F000FCDA00262846A660FFF75CFF6B68C4F80E
:10A300001068DB68C4F81468C4F81C6863BB1C4B95
:10A31000A3614FF0FF336361A36843F00103A360BF
:10A3200070BD184B9842C9D1114B4FF080609A6BA9
:10A3300042F000729A631A6E42F000721A661B6E47
:10A340000C4BD3F8802042F00072C3F88020D3F881
:10A35000802022F00072C3F88020D3F88030FFF70D
:10A360001BFF0E214D20A2E7074BD1E73C650020E3
:10A3700000450258004402584014004003002002E7
:10A38000003C30C0D8650020083C30C0F8B5D0F89B
:10A390009040054600214FF000662046FFF736FF4B
:10A3A000D5F8941000234FF001128F684FF0FF3062
:10A3B000C4F83438C4F81C2804EB431201339F421C
:10A3C000C2F80069C2F8006BC2F80809C2F8080BAD
:10A3D000F2D20B68D5F89020C5F89830636210234C
:10A3E0001361166916F01006FBD11220FEF708FD66
:10A3F000D4F8003823F4FE63C4F80038A36943F4AA
:10A40000402343F01003A3610923C4F81038C4F8B3
:10A4100014380B4BEB604FF0C043C4F8103B094BB2
:10A42000C4F8003BC4F81069C4F80039D5F8983076
:10A4300003F1100243F48013C5F89820A362F8BD1D
:10A44000C4CA000840800010D0F8902090F88A100C
:10A45000D2F8003823F4FE6343EA0113C2F800384F
:10A46000704700002DE9F84300EB8103D0F89050CD
:10A470000C468046DA680FFA81F94801166806F042
:10A480000306731E022B05EB41134FF0000194BF2E
:10A49000B604384EC3F8101B4FF0010104F110034D
:10A4A00098BF06F1805601FA03F3916998BF06F54B
:10A4B000004600293AD0578A04F158013743490130
:10A4C0006F50D5F81C180B430021C5F81C382B1809
:10A4D0000127C3F81019A7405369611E9BB3138A63
:10A4E000928B9B08012A88BF5343D8F8982098186C
:10A4F00042EA034301F140022146C8F89800284689
:10A5000005EB82025360FFF781FE08EB8900C36808
:10A510001B8A43EA845348341E4364012E51D5F804
:10A520001C381F43C5F81C78BDE8F88305EB4917B4
:10A53000D7F8001B21F40041C7F8001BD5F81C1800
:10A5400021EA0303C0E704F13F030B4A28462146F2
:10A5500005EB83035A60FFF759FE05EB4910D0F86D
:10A56000003923F40043C0F80039D5F81C3823EA39
:10A570000707D7E70080001000040002D0F89420FD
:10A580001268C0F89820FFF715BE00005831D0F8C7
:10A59000903049015B5813F4004004D013F4001FBD
:10A5A0000CBF0220012070474831D0F8903049019B
:10A5B0005B5813F4004004D013F4001F0CBF0220BA
:10A5C0000120704700EB8101CB68196A0B681360AA
:10A5D0004B6853607047000000EB810330B5DD68C5
:10A5E000AA691368D36019B9402B84BF4023136054
:10A5F0006B8A1468D0F890201C4402EB4110013C97
:10A6000009B2B4FBF3F46343033323F0030343EAD7
:10A61000C44343F0C043C0F8103B2B6803F003036E
:10A62000012B0ED1D2F8083802EB411013F4807FD1
:10A63000D0F8003B14BF43F0805343F00053C0F800
:10A64000003B02EB4112D2F8003B43F00443C2F856
:10A65000003B30BD2DE9F041D0F8906005460C4636
:10A6600006EB4113D3F8087B3A07C3F8087B08D5FB
:10A67000D6F814381B0704D500EB8103DB685B6850
:10A680009847FA071FD5D6F81438DB071BD505EB1A
:10A690008403D968CCB98B69488A5A68B2FBF0F652
:10A6A00000FB16228AB91868DA6890420DD2121A95
:10A6B000C3E90024302383F3118821462846FFF79D
:10A6C0008BFF84F31188BDE8F081012303FA04F2C3
:10A6D0006B8923EA02036B81CB68002BF3D0214600
:10A6E0002846BDE8F041184700EB81034A0170B5E8
:10A6F000DD68D0F890306C692668E66056BB1A4475
:10A700004FF40020C2F810092A6802F00302012A5F
:10A710000AB20ED1D3F8080803EB421410F4807F7C
:10A72000D4F8000914BF40F0805040F00050C4F845
:10A73000000903EB4212D2F8000940F00440C2F8CD
:10A7400000090122D3F8340802FA01F10143C3F8E9
:10A75000341870BD19B9402E84BF40202060206895
:10A760001A442E8A8419013CB4FBF6F440EAC44032
:10A7700040F00050C6E700002DE9F843D0F89060A3
:10A7800005460C464F0106EB4113D3F8088918F033
:10A79000010FC3F808891CD0D6F81038DB0718D58C
:10A7A00000EB8103D3F80CC0DCF81430D3F800E0E0
:10A7B000DA68964530D2A2EB0E024FF000091A601B
:10A7C000C3F80490302383F31188FFF78DFF89F3DA
:10A7D000118818F0800F1DD0D6F834380126A64015
:10A7E000334217D005EB84030134D5F89050D3F8E9
:10A7F0000CC0E4B22F44DCF8142005EB0434D2F88A
:10A8000000E05168714514D3D5F8343823EA0606C0
:10A81000C5F83468BDE8F883012303FA01F203891F
:10A8200023EA02030381DCF80830002BD1D09847DB
:10A83000CFE7AEEB0103BCF81000834228BF03460C
:10A84000D7F8180980B2B3EB800FE3D89068A0F175
:10A85000040959F8048FC4F80080A0EB0908984453
:10A86000B8F1040FF5D818440B4490605360C8E762
:10A870002DE9F84FD0F8905004466E69AB691E4040
:10A8800016F480586E6103D0BDE8F84FFDF7C8BFDD
:10A89000002E12DAD5F8003E9B0705D0D5F8003E11
:10A8A00023F00303C5F8003ED5F80438204623F012
:10A8B0000103C5F80438FDF7E1FF370505D520464B
:10A8C000FFF778FC2046FDF7C7FFB0040CD5D5F89C
:10A8D000083813F0060FEB6823F470530CBF43F4F1
:10A8E000105343F4A053EB6031071BD56368DB685A
:10A8F0001BB9AB6923F00803AB612378052B0CD19E
:10A90000D5F8003E9A0705D0D5F8003E23F00303A2
:10A91000C5F8003E2046FDF7B1FF6368DB680BB168
:10A9200020469847F30200F1BA80B70226D5D4F842
:10A93000909000274FF0010A09EB4712D2F8003B34
:10A9400003F44023B3F5802F11D1D2F8003B002B44
:10A950000DDA62890AFA07F322EA0303638104EB42
:10A960008703DB68DB6813B1394620469847013717
:10A97000D4F89430FFB29B689F42DDD9F00619D518
:10A98000D4F89000026AC2F30A1702F00F0302F42F
:10A99000F012B2F5802F00F0CA80B2F5402F09D135
:10A9A00004EB8303002200F58050DB681B6A9742AA
:10A9B00040F0B0803003D5F8185835D5E90303D5F9
:10A9C00000212046FFF746FEAA0303D501212046B9
:10A9D000FFF740FE6B0303D502212046FFF73AFE46
:10A9E0002F0303D503212046FFF734FEE80203D5E9
:10A9F00004212046FFF72EFEA90203D5052120469B
:10AA0000FFF728FE6A0203D506212046FFF722FE43
:10AA10002B0203D507212046FFF71CFEEF0103D5CB
:10AA200008212046FFF716FE700340F1A780E907D2
:10AA300003D500212046FFF79FFEAA0703D5012179
:10AA40002046FFF799FE6B0703D502212046FFF74A
:10AA500093FE2F0703D503212046FFF78DFEEE0658
:10AA600003D504212046FFF787FEA80603D505215C
:10AA70002046FFF781FE690603D506212046FFF731
:10AA80007BFE2A0603D507212046FFF775FEEB055E
:10AA900074D520460821BDE8F84FFFF76DBED4F805
:10AAA00090904FF0000B4FF0010AD4F894305FFA09
:10AAB0008BF79B689F423FF638AF09EB4713D3F8FB
:10AAC000002902F44022B2F5802F20D1D3F80029CA
:10AAD000002A1CDAD3F8002942F09042C3F800297A
:10AAE000D3F80029002AFBDB3946D4F89000FFF7A1
:10AAF0008DFB22890AFA07F322EA0303238104EB80
:10AB00008703DB689B6813B13946204698470BF1F1
:10AB1000010BCAE7910701D1D0F80080072A02F1A2
:10AB200001029CBF03F8018B4FEA18283FE704EBB2
:10AB3000830300F58050DA68D2F818C0DCF80820EA
:10AB4000DCE9001CA1EB0C0C00218F4208D1DB6872
:10AB50009B699A683A449A605A683A445A6029E76D
:10AB600011F0030F01D1D0F800808C4501F10101F3
:10AB700084BF02F8018B4FEA1828E6E7BDE8F88F9A
:10AB800008B50348FFF774FEBDE80840FFF74EBA6A
:10AB90003C65002008B50348FFF76AFEBDE80840A1
:10ABA000FFF744BAD8650020D0F8903003EB41118C
:10ABB000D1F8003B43F40013C1F8003B704700009C
:10ABC000D0F8903003EB4111D1F8003943F4001371
:10ABD000C1F8003970470000D0F8903003EB411104
:10ABE000D1F8003B23F40013C1F8003B704700008C
:10ABF000D0F8903003EB4111D1F8003923F4001361
:10AC0000C1F8003970470000044BDA6B0243DA6385
:10AC10005A6E104358665B6E704700BF004502587D
:10AC200008B53C4B4FF0FF31D3F8802062F0004272
:10AC3000C3F88020D3F8802002F00042C3F88020BF
:10AC4000D3F88020D3F88420C3F88410D3F884206C
:10AC50000022C3F88420D3F88400D86F40F0FF406E
:10AC600040F4FF0040F4DF4040F07F00D867D86F29
:10AC700020F0FF4020F4FF0020F4DF4020F07F00B0
:10AC8000D867D86FD3F888006FEA40506FEA505009
:10AC9000C3F88800D3F88800C0F30A00C3F888001E
:10ACA000D3F88800D3F89000C3F89010D3F8900040
:10ACB000C3F89020D3F89000D3F89400C3F8941010
:10ACC000D3F89400C3F89420D3F89400D3F89800F4
:10ACD000C3F89810D3F89800C3F89820D3F89800D8
:10ACE000D3F88C00C3F88C10D3F88C00C3F88C20F8
:10ACF000D3F88C00D3F89C00C3F89C10D3F89C10B8
:10AD0000C3F89C20D3F89C30FCF72CFABDE808402F
:10AD100000F0D2B90044025808B50122504BC3F8E4
:10AD20000821504B5A6D42F002025A65DA6F42F028
:10AD30000202DA670422DB6F4B4BDA605A68910437
:10AD4000FCD54A4A1A6001229A60494ADA60002218
:10AD50001A614FF440429A61434B9A699204FCD5C0
:10AD60001A6842F480721A60424B1A6F12F4407FE4
:10AD700004D04FF480321A6700221A671A6842F032
:10AD800001021A603B4B1A685007FCD500221A6179
:10AD90001A6912F03802FBD1012119604FF080418D
:10ADA00059605A67344ADA62344A1A611A6842F4BE
:10ADB00080321A602F4B1A689103FCD51A6842F44E
:10ADC00080521A601A689204FCD52D4A2D499A6265
:10ADD00000225A63196301F57C01DA6301F5E7711A
:10ADE00099635A64284A1A64284ADA621A6842F057
:10ADF000A8521A601F4B1A6802F02852B2F1285F5D
:10AE0000F9D148229A614FF48862DA6140221A62CD
:10AE10001F4ADA641F4A1A651F4A5A651F4A9A6513
:10AE200032231F4A1360136803F00F03022BFAD179
:10AE3000104A136943F003031361136903F03803E5
:10AE4000182BFAD14FF00050FFF7DEFE4FF0804094
:10AE5000FFF7DAFE4FF00040BDE80840FFF7D4BE30
:10AE600000800051004502580048025800C000F020
:10AE700004000001004402580000FF01008890080F
:10AE80003220600063020901470E0508DD0BBF0197
:10AE900020000020000001100910E0000001011056
:10AEA000002000524FF0B04208B5D2F8883003F0CD
:10AEB0000103C2F8883023B1044A13680BB150680B
:10AEC0009847BDE80840FFF7B1B800BFB46600205E
:10AED0004FF0B04208B5D2F8883003F00203C2F850
:10AEE000883023B1044A93680BB1D0689847BDE815
:10AEF0000840FFF79BB800BFB46600204FF0B04297
:10AF000008B5D2F8883003F00403C2F8883023B1C2
:10AF1000044A13690BB150699847BDE80840FFF730
:10AF200085B800BFB46600204FF0B04208B5D2F833
:10AF3000883003F00803C2F8883023B1044A9369CB
:10AF40000BB1D0699847BDE80840FFF76FB800BF64
:10AF5000B46600204FF0B04208B5D2F8883003F054
:10AF60001003C2F8883023B1044A136A0BB1506A47
:10AF70009847BDE80840FFF759B800BFB466002005
:10AF80004FF0B04310B5D3F8884004F47872C3F89A
:10AF90008820A30604D5124A936A0BB1D06A984759
:10AFA000600604D50E4A136B0BB1506B984721060F
:10AFB00004D50B4A936B0BB1D06B9847E20504D5CF
:10AFC000074A136C0BB1506C9847A30504D5044A8B
:10AFD000936C0BB1D06C9847BDE81040FFF726B8D2
:10AFE000B46600204FF0B04310B5D3F8884004F4A5
:10AFF0007C42C3F88820620504D5164A136D0BB154
:10B00000506D9847230504D5124A936D0BB1D06D4E
:10B010009847E00404D50F4A136E0BB1506E984761
:10B02000A10404D50B4A936E0BB1D06E984762040D
:10B0300004D5084A136F0BB1506F9847230404D509
:10B04000044A936F0BB1D06F9847BDE81040FEF7EC
:10B05000EDBF00BFB466002008B50348FCF72EFC26
:10B06000BDE80840FEF7E2BFC836002008B5034837
:10B07000FCF724FDBDE80840FEF7D8BF20390020CA
:10B0800008B50348FCF71AFDBDE80840FEF7CEBF3F
:10B090008C39002008B50348FCF710FDBDE80840D6
:10B0A000FEF7C4BFF839002008B500F0B7FCBDE8D2
:10B0B0000840FEF7BBBF0000062108B50846FCF7B4
:10B0C00083FD06210720FCF77FFD06210820FCF701
:10B0D0007BFD06210920FCF777FD06210A20FCF7FD
:10B0E00073FD06211720FCF76FFD06212820FCF7D1
:10B0F0006BFD09217A20FCF767FD09213120FCF75F
:10B1000063FD07213220FCF75FFD0C212620FCF7B0
:10B110005BFD0C212720FCF757FD0C215220BDE8D8
:10B120000840FCF751BD000008B5FFF779FD00F0BD
:10B1300043FCFDF729F9FDF7C7F8FDF7FFFAFDF726
:10B14000D1F9FEF78FF9BDE8084000F029BA0000F8
:10B1500030B50433039C0172002104FB0325C16058
:10B16000C0E90653049B0363059BC0E90000C0E9E6
:10B170000422C0E90842C0E90A11436330BD00005F
:10B180000022416AC260C0E90411C0E90A226FF0DE
:10B190000101FDF7E1BE0000D0E90432934201D184
:10B1A000C2680AB9181D704700207047036919600A
:10B1B0000021C2680132C260C269134482699342AD
:10B1C000036124BF436A0361FDF7BABE38B5044684
:10B1D0000D46E3683BB162690020131D1268A3624B
:10B1E0001344E36207E0237A33B929462046FDF78A
:10B1F00097FE0028EDDA38BD6FF00100FBE7000094
:10B20000C368C269013BC3604369134482699342C6
:10B21000436124BF436A436100238362036B03B12C
:10B220001847704770B53023044683F31188866A47
:10B230003EB9FFF7CBFF054618B186F311882846C3
:10B2400070BDA36AE26A13F8015B9342A36202D362
:10B250002046FFF7D5FF002383F31188EFE70000B6
:10B260002DE9F84F04460E46174698464FF0300930
:10B2700089F311880025AA46D4F828B0BBF1000F45
:10B2800009D141462046FFF7A1FF20B18BF3118879
:10B290002846BDE8F88FD4E90A12A7EB050B521A2D
:10B2A000934528BF9346BBF1400F1BD9334601F1AC
:10B2B000400251F8040B914243F8040BF9D1A36A00
:10B2C000403640354033A362D4E90A239A4202D380
:10B2D0002046FFF795FF8AF31188BD42D8D289F343
:10B2E0001188C9E730465A46F6F7ACFDA36A5E44BA
:10B2F0005D445B44A362E7E710B5029C043301722E
:10B3000003FB0421C460C0E906130023C0E90A332B
:10B31000039B0363049BC0E90000C0E90422C0E969
:10B320000842436310BD0000026A6FF00101C26071
:10B33000426AC0E904220022C0E90A22FDF70CBEDD
:10B34000D0E904239A4201D1C26822B9184650F8C4
:10B35000043B0B60704700231846FAE7C3680021DE
:10B36000C2690133C36043691344826993424361F4
:10B3700024BF436A4361FDF7E3BD000038B50446CE
:10B380000D46E3683BB1236900201A1DA262E26901
:10B390001344E36207E0237A33B929462046FDF7D8
:10B3A000BFFD0028EDDA38BD6FF00100FBE70000BB
:10B3B00003691960C268013AC260C26913448269B4
:10B3C0009342036124BF436A036100238362036BDA
:10B3D00003B118477047000070B530230D4604468E
:10B3E000114683F31188866A2EB9FFF7C7FF10B1A3
:10B3F00086F3118870BDA36A1D70A36AE26A0133E7
:10B400009342A36204D3E16920460439FFF7D0FFD9
:10B41000002080F31188EDE72DE9F84F04460D4632
:10B42000904699464FF0300A8AF311880026B346B9
:10B43000A76A4FB949462046FFF7A0FF20B187F31E
:10B4400011883046BDE8F88FD4E90A073A1AA8EB0C
:10B450000607974228BF1746402F1BD905F1400326
:10B4600055F8042B9D4240F8042BF9D1A36A4036CD
:10B470004033A362D4E90A239A4204D3E169204607
:10B480000439FFF795FF8BF311884645D9D28AF32B
:10B490001188CDE729463A46F6F7D4FCA36A3D4425
:10B4A0003E443B44A362E5E7D0E904239A4217D126
:10B4B000C3689BB1836A8BB1043B9B1A0ED01360A7
:10B4C000C368013BC360C3691A4483699A4202613D
:10B4D00024BF436A03610023836201231846704737
:10B4E0000023FBE701F01F03F0B502F01F0456092B
:10B4F0005A1C0123B6EB511F50F8265003FA02F3F1
:10B500004FEA511703F1FF333DBF50F82720C4F134
:10B510002000134003EA05003BBF03FA00F225FABE
:10B5200004F0E0401043F0BD70B57E227F21054657
:10B53000FFF7D8FF18B1012819D0002070BD3E22B6
:10B5400049212846FFF7CEFF2F2204463121284605
:10B55000FFF7C8FF06460134502202365321284621
:10B56000B440FFF7BFFF093804FA00F0E6E73022E5
:10B5700045212846FFF7B6FF01308002DEE70000D4
:10B5800090F8D63090F8D7201B0403EB026390F8B4
:10B59000D42090F8D500134403EB0020704700003E
:10B5A00000F018BA014B586A704700BF000C004009
:10B5B000034B002258631A610222DA60704700BF11
:10B5C000000C0040014B0022DA607047000C004084
:10B5D000014B5863704700BF000C0040024B034A08
:10B5E0001A60034A5A6070478C6600203867002052
:10B5F00000000220074B494210B55C68201A084041
:10B600001968821A8A4203D3A24201D85A6010BD37
:10B610000020FCE78C66002008B5302383F31188F6
:10B62000FFF7E8FF002383F3118808BD0448054BAA
:10B6300003600023C0E901330C3000F017B900BFEC
:10B640009466002019B60008CB1D083A23F00703C2
:10B65000591A521A10B4D2080024C0E90043846079
:10B660000C301C605A605DF8044B00F0FFB800001D
:10B670002DE9F74F364FCD1D8846002818BF0746E5
:10B68000082A4FEAD50538BF082207F10C003C1DF7
:10B690009146019000F02CF9019809F10701C9F1D8
:10B6A000000E2246246864B900F02CF93B68CBB345
:10B6B00008224946E8009847044698B340E90278D2
:10B6C00030E004EB010CD4F804A00CEA0E0C0AF1F3
:10B6D0000106ACF1080304EBC6069E42E1D9A6EBD5
:10B6E0000C0CB5EBEC0F4FEAEC0BDAD89C421DD2F8
:10B6F00004F10802AB45A3EB02024FEAE2026260EA
:10B7000009D9691CED4303EBC1025D44556025680E
:10B7100043F8315022601C46C3F8048044F8087B8B
:10B7200000F0F0F8204603B0BDE8F08FAA4521688C
:10B7300002D111602346EEE7013504EBC50344F85E
:10B74000351003F10801761AF6105E601360F1E718
:10B750009466002073B50446A0F1080550F8080C63
:10B7600054F8043C061D0C3007330190DB0844F804
:10B77000043C00F0BDF8334601989E421A6801D09F
:10B78000AB4228D20AB1954225D244F8082C54F88D
:10B79000042C1D60013254F8081C05EBC206B142AE
:10B7A00006D14E68324444F8042C0A6844F8082C48
:10B7B0005E68711C03EBC1018D4207D154F8042C63
:10B7C000013232445A6054F8082C1A6002B0BDE8C5
:10B7D000704000F097B81346CFE70000FEE7000086
:10B7E00070B51E4B0025044686B058600E460563B2
:10B7F0008163FEF7F3FB04F12803A5606563C4E9E8
:10B800000A3304F11003C4E904334FF0FF33C4E9F1
:10B810000044C4E90635FFF7C5FE2B46024604F195
:10B820003C012046C4E9082380230D4A6567FDF7E3
:10B83000F1FA7368E0600B4A03620123009280F81A
:10B8400024306846F26801923269CDE90223064B42
:10B85000CDE90435FDF712FB06B070BD104900209C
:10B8600008CB000800CB0008DDB700080023C0E9C2
:10B87000000083600361704770B51C4B0546846807
:10B88000DE685CB3B44213D103690133036170BD58
:10B89000A36094F8243083B1062B15D1A06A214609
:10B8A000D4E9003213605A60FDF720FAA36A9C685D
:10B8B000B368A2689A42EBD306E0D4E9003220468E
:10B8C00013605A60FDF722FA28463146FDF70EFA5A
:10B8D000B5620620BDE87040FDF71ABA03698660BC
:10B8E00001330361336BC3603063D0E768460020E7
:10B8F00008B5302383F31188FFF7BEFF002383F3DD
:10B90000118808BD194BD96883688B4210B520D1C6
:10B91000302383F311880269013A0261B2B90468E5
:10B92000C368A0420B631ED04A6B9BB901238A6097
:10B93000036103681A68026050601A6B8360C2601A
:10B9400018631846FDF7E2F9FDF732FA002383F396
:10B95000118810BD1C68A34203D0A468A24238BF5E
:10B960002246DB68E1E78260F0E700BF684600201E
:10B97000024A536B18435063704700BF684600206B
:10B9800038B5EFF311859DB9EFF30584C4F30804CE
:10B99000302334B183F31188FDF716FC85F3118849
:10B9A00038BD83F31188FDF70FFC84F3118838BD8F
:10B9B000BDE83840FDF708BC0023054A19460133AD
:10B9C000102BC2E9001102F10802F8D1704700BF44
:10B9D000B46600200E4B9A6C42F008029A641A6F0B
:10B9E00042F008021A670B4A1B6FD36B43F008033F
:10B9F000D363C722084B9A624FF0FF32DA6200220B
:10BA00009A615A63DA605A6001225A611A6070477B
:10BA1000004502580010005C000C0040094A08B5BF
:10BA20001169D3680B40D9B29B076FEA010111611C
:10BA300007D5302383F31188FDF7E0F9002383F362
:10BA4000118808BD000C004010B501390244904235
:10BA500001D1002005E0037811F8014FA34201D085
:10BA6000181B10BD0130F2E72DE9F041A3B1C91A4E
:10BA700017780144044603F1FF3C8C42204601D96B
:10BA8000002009E00578BD4204F10104F5D10CEB7A
:10BA90000405D618A54201D1BDE8F08115F8018D45
:10BAA00016F801EDF045F5D0E7E70000884210B543
:10BAB00001EB020402D98442234607D8431EA14267
:10BAC00008D011F8012B03F8012FF8E702440146D2
:10BAD0008A4200D110BD13F8014D02F8014DF7E77D
:10BAE000C9B2034610F8012B1AB18A42F9D118469F
:10BAF0007047002918BF0023F9E70000034611F83A
:10BB0000012B03F8012B002AF9D1704710B5013938
:10BB1000034632B111F8014F03F8014B013A002CF2
:10BB2000F7D11A440021934200D110BD03F8011B44
:10BB3000F9E700004D4435002D2D0A002F61726495
:10BB40007570696C6F742E6162696E002F6172642A
:10BB50007570696C6F742D7665726966792E616295
:10BB6000696E002F6172647570696C6F742D666CFC
:10BB70006173682E6162696E002F6172647570690D
:10BB80006C6F742D666C61736865642E6162696E9A
:10BB90000000000000000000000000005D10000830
:10BBA000F9100008A912000831110008F11000086E
:10BBB00000000000000000005910000805110008F6
:10BBC000E1120008551000086110000853544D336D
:10BBD0003248373F3F3F0053544D33324837337874
:10BBE0002F3732780053544D3332483734332F37A0
:10BBF00035332F373530000001105A00031059003B
:10BC0000012058000320560041A3E5F26569920720
:10BC10000040A2E4F164689106000000E5760000AF
:10BC200000000000EDD3F55C1A631258D69CF7A211
:10BC3000DEF9DE140000000000000000000000003B
:10BC400000000010B67859FF8572D300BD6E15FF55
:10BC50000F0A6A0029C0010098E879FFBC3CA0FFE8
:10BC60009971CEFF00B7E2FEB40D48FF59F1B2FE64
:10BC70000AE5A6FF7BDD2AFE1E14D40052800300D5
:10BC800030D1F300777940FF32E39CFF006EC501AD
:10BC9000671B900008C9BCF367E6096A3BA7CA8422
:10BCA00085AE67BB2BF894FE72F36E3CF1361D5FD8
:10BCB0003AF54FA5D182E6AD7F520E511F6C3E2B57
:10BCC0008C68059B6BBD41FBABD9831F79217E132B
:10BCD00019CDE05BB0A00EFED3C986FF9E188F0081
:10BCE0007F693500600CBD00A7D7FBFF9F4C80FE2D
:10BCF0006A65E1FF1EFC0400920CAE00853B8C01DE
:10BD0000BDF124FFF825C30160DC3700B74C3EFFCE
:10BD1000C3423D00324CA401E1A44CFF4C3DA3FFC3
:10BD2000753E1F00519140FF76410E00A273D6FF71
:10BD3000068A2E007CE6F4FF0A8A8F00341AC200BD
:10BD4000B8F44C00818F2901BEF413FF7BAA7AFF5F
:10BD50006281440079D5930056651EFFA1679B0060
:10BD60008C5943FFEFE5BE01430BB500C6F089FED9
:10BD7000EE45BCFF4397EE00132A6CFFE5557101B9
:10BD8000324487FF116A0900326701FF5001A801A0
:10BD900023981EFF10A8B9013859E8FF65D2FC00AE
:10BDA00029FA4700CCAA4FFF0E2EEFFF504DEF00AF
:10BDB000BDD64BFF118DF90026504CFFBE557500C6
:10BDC00056E4AA009CD8D001C3CFA4FF96424CFFF2
:10BDD000AFE110FF8D5062014CDBF200C6A2720091
:10BDE0002EDA98009B2BF1FE9BA068FF33BBA500C9
:10BDF0000211AF004254A001F73A1E00234135FE64
:10BE000045ECBF002D86F501A37BDD00206E14FFFD
:10BE10003417A500BAD64700E9B06000F2EF36014A
:10BE200039598A00530054FF88A064005C8E78FE64
:10BE3000687CBE00B5B13EFFFA29550098822A0100
:10BE400060FCF60097973FFEEF853E0020389C008F
:10BE50002DA7BDFF8E85B3018356D300BBB396FEDD
:10BE6000FAAA0EFFD2A34E0025349700634D1A00A4
:10BE7000EE9CD5FFD5C0D101492E540014412901B3
:10BE800036CE4F00C98392FEAA6F18FFB12132FE51
:10BE9000AB26CBFF4EF77400D1DD99008580B2014F
:10BEA0003A2C1900C9273B01BD13FC0031E5D20132
:10BEB00075BB7500B5B3B8010072DB00305E93004E
:10BEC000F52938007D0DCCFEF4AD77002CDD20FE89
:10BED00054EA1400F9A0C601EC7EEAFF2F63A8FE25
:10BEE000AAE299FF66B3D800E28D7AFF7A4299FE02
:10BEF000B6F58600E3E41901D639EBFFD8AD38FF7B
:10BF0000B5E7D20077809DFF815F88FF6E7E3300AA
:10BF100002A9B7FF078262FE45B05EFF7404E30129
:10BF2000D9F291FFCAAD1F01690127FF2EAF45006D
:10BF3000E42F3AFFD7E045FECF3845FF10FE8BFFD8
:10BF400017CFD4FFCA147EFF5FD560FF09B0210070
:10BF5000C805CFFFF12A80FE2321C0FFF8E5C40108
:10BF600081117800FB6797FF073470FF8C3842FF20
:10BF700028E2F5FFD94625FEACD609FF48438601E5
:10BF800092C0D6FF2C26700044B84BFFCE5AFB005F
:10BF900095EB8D00B5AA3A0074F4EF005C9D0200A9
:10BFA00066AD6200E98960017F31CB00059B94009A
:10BFB000179409FFD37A0C0022861AFFDBCC880085
:10BFC000860829FFE0532BFE5519F7006D7F00FE10
:10BFD000A9883000EE77DBFFE7ADD500CE12FEFE7C
:10BFE00008BA07FF7E0907016F2A48006F34ECFE8C
:10BFF000603F8D0093BF7FFECD4EC0FF0E6AED0106
:10C00000BBDB4C00AFF3BBFE6959AD0055195901BC
:10C01000A2F394000276D1FE219E09008BA32EFF8D
:10C020005D4628006C2A8EFE6FFC8EFF9BDF900021
:10C0300033E5A7FF49FC9BFF5E740CFF98A0DAFF75
:10C040009CEE25FFB3EACFFFC500B3FF9AA48D0095
:10C05000E1C468000A2319FED1D4F2FF61FDDEFEBF
:10C06000B865E500DE127F01A48887FF1ECF8CFE35
:10C070009261F30081C01AFEC95421FF6F0A4EFF7E
:10C080009351B2FF04041800A1EED7FF068D2100E2
:10C0900035D70EFF29B5D0FFE78B9D00B3CBDDFF71
:10C0A000FFB97100BDE2ACFF7142D6FFCA3E2DFF61
:10C0B000664008FF4EAE10FE857544FF0001020386
:10C0C0000405060708090A0B0C0D0E0F0E0A0408DA
:10C0D000090F0D06010C00020B0705030B080C00ED
:10C0E00005020F0D0A0E03060701090407090301E3
:10C0F0000D0C0B0E0206050A04000F0809000507C7
:10C1000002040A0F0E010B0C0608030D020C060AAE
:10C11000000B0803040D07050F0E01090C05010FA4
:10C120000E0D040A000706030902080B0D0B070E8B
:10C130000C01030905000F040806020A060F0E0988
:10C140000B0300080C020D0701040A050A0208048B
:10C15000070601050F0B090E030C0D000001020379
:10C160000405060708090A0B0C0D0E0F0E0A040839
:10C17000090F0D06010C00020B0705031B132C0A07
:10C18000A3E59CEDA72963085D210621EBFFFFFFD6
:10C19000FFFFFFFFFFFFFFFFFFFFFFFF0F0000009C
:10C1A00049450008F5430008754400081D4500088E
:10C1B000600100002F0000005375636365737366B0
:10C1C000756C6C79206D6F756E7465642053444393
:10C1D0006172642028736C6F77646F776E3D25758C
:10C1E000290A0000EB769045584641542020200053
:10C1F0004641543332202020000000002A3A3C3EC1
:10C200007C223F7F002B2C3B3D5B5D00435545412D
:10C210004141414345454549494941414592924F34
:10C220004F4F5555594F554F9C4F9E9F41494F5524
:10C23000A5A5A6A7A8A9AAABACADAEAFB0B1B2B345
:10C24000B4414141B8B9BABBBCBDBEBFC0C1C2C395
:10C25000C4C54141C8C9CACBCCCDCECFD1D145454B
:10C260004549494949D9DADBDCDD49DF4FE14F4F28
:10C270004F4FE6E8E85555555959EEEFF0F1F2F316
:10C28000F4F5F6F7F8F9FAFBFCFDFEFF01030507EC
:10C29000090E10121416181C1E00000061001A036B
:10C2A000E0001703F8000703FF0001007801000118
:10C2B000300132010601390110014A012E017901D4
:10C2C000060180014D004302810182018201840147
:10C2D000840186018701870189018A018B018B0115
:10C2E0008D018E018F0190019101910193019401C3
:10C2F000F60196019701980198013D029B019C016E
:10C300009D0120029F01A001A001A201A201A401A0
:10C31000A401A601A701A701A901AA01AB01AC01D3
:10C32000AC01AE01AF01AF01B101B201B301B30184
:10C33000B501B501B701B801B801BA01BB01BC0133
:10C34000BC01BE01F701C001C101C201C301C401AA
:10C35000C501C401C701C801C701CA01CB01CA0197
:10C36000CD011001DD0101008E01DE011201F3019A
:10C370000300F101F401F401F80128012202120185
:10C380003A020900652C3B023B023D02662C3F024B
:10C3900040024102410246020A015302400081016B
:10C3A0008601550289018A0158028F015A029001C3
:10C3B0005C025D025E025F0293016102620294010F
:10C3C0006402650266026702970196016A02622CA6
:10C3D0006C026D026E029C01700271029D0173027B
:10C3E00074029F0176027702780279027A027B0258
:10C3F0007C02642C7E027F02A60181028202A901D6
:10C400008402850286028702AE014402B101B201B4
:10C4100045028D028E028F0290029102B7017B03CA
:10C420000300FD03FE03FF03AC030400860388033F
:10C4300089038A03B1031103C2030200A303A30308
:10C44000C4030803CC0303008C038E038F03D803BB
:10C450001801F2030A00F903F303F403F503F603EA
:10C46000F703F703F903FA03FA0330042003500437
:10C470001007600422018A043601C1040E01CF04B2
:10C480000100C004D004440161052604000000003E
:10C490007D1D0100632C001E9601A01E5A01001F85
:10C4A0000806101F0606201F0806301F0806401F3A
:10C4B0000606511F0700591F521F5B1F541F5D1FA7
:10C4C000561F5F1F601F0806701F0E00BA1FBB1F9C
:10C4D000C81FC91FCA1FCB1FDA1FDB1FF81FF91F98
:10C4E000EA1FEB1FFA1FFB1F801F0806901F08069C
:10C4F000A01F0806B01F0400B81FB91FB21FBC1F41
:10C50000CC1F0100C31FD01F0206E01F0206E51F5B
:10C510000100EC1FF31F0100FC1F4E21010032211E
:10C5200070211002842101008321D0241A05302CAF
:10C530002F04602C0201672C0601752C0201802C4F
:10C540006401002D260841FF1A030000C700FC000B
:10C55000E900E200E400E000E500E700EA00EB00AB
:10C56000E800EF00EE00EC00C400C500C900E600E2
:10C57000C600F400F600F200FB00F900FF00D60050
:10C58000DC00F800A300D800D7009201E100ED0024
:10C59000F300FA00F100D100AA00BA00BF00AE001B
:10C5A000AC00BD00BC00A100AB00BB0091259225F2
:10C5B000932502252425C100C200C000A9006325DF
:10C5C000512557255D25A200A500102514253425E9
:10C5D0002C251C2500253C25E300C3005A255425A5
:10C5E00069256625602550256C25A400F000D00043
:10C5F000CA00CB00C8003101CD00CE00CF00182505
:10C600000C2588258425A600CC008025D300DF00DA
:10C61000D400D200F500D500B500FE00DE00DA003F
:10C62000DB00D900FD00DD00AF00B400AD00B100BB
:10C630001720BE00B600A700F700B800B000A800A1
:10C64000B700B900B300B200A025A000100002405E
:10C65000080002400008024000000B0028000240D1
:10C66000080002400408024006010C00400002409D
:10C67000080002400808024010020D005800024065
:10C68000080002400C08024016030E007000024031
:10C690000C0002401008024000040F008800024015
:10C6A0000C0002401408024006051000A0000240E1
:10C6B0000C0002401808024010061100B8000240A9
:10C6C0000C0002401C08024016072F001004024014
:10C6D00008040240200802400008380028040240F4
:10C6E00008040240240802400609390040040240C0
:10C6F0000804024028080240100A3A005804024088
:10C70000080402402C080240160B3B007004024053
:10C710000C04024030080240000C3C008804024037
:10C720000C04024034080240060D4400A0040240FC
:10C730000C04024038080240100E4500B8040240C4
:10C740000C0402403C080240160F460001000000A5
:10C750000000000000960000000000000000000043
:10C7600000000000000000000000000000000000C9
:10C770005D940008619400085D7F000895820008C0
:10C78000F17E0008197F0008417F0008D97E00086B
:10C790000000000049830008358300087183000809
:10C7A0005D83000869830008558300084183000801
:10C7B0002D8300087D8300080000000061840008CC
:10C7C0004D8400088984000875840008818400086D
:10C7D0006D84000859840008458400089584000889
:10C7E00000000000010000000000000063300000B5
:10C7F000ECC700080000000000000000E046002038
:10C80000104900200000812A00000000AAAAAAAA5C
:10C8100000000024FFFE00000000000000A00A004D
:10C820000001000000000000AAAAAAAA000000005F
:10C83000FFFF000000000000000000001400AA56E6
:10C8400000000000AAAAAAAA14005554FFFF000085
:10C8500000000000CCCC0C0020681A000000000092
:10C86000AAAA8AAA10541500FFFF0000000C700746
:10C87000770000004081020100100000AAAAAAAAC5
:10C8800000410100F7FF00000000007007000000F9
:10C890000000000000000000AAAAAAAA00000000F0
:10C8A000FFFF00000000000000000000000000008A
:10C8B00000000000AAAAAAAA00000000FFFF0000D2
:10C8C0000000000000000000000000000000000068
:10C8D000AAAAAAAA00000000FFFF000000000000B2
:10C8E000000000000000000000000000AAAAAAAAA0
:10C8F00000000000FFFF000000000000000000003A
:10C900000000000000000000AAAAAAAA000000007F
:10C91000FFFF000000000000000000000000000019
:10C9200000000000AAAAAAAA00000000FFFF000061
:10C9300000000000000000004375626550696C6FE4
:10C940007400437562654F72616E67652B2D536588
:10C95000637572652D424C2D76313000255345525A
:10C9600049414C25000000000200000000000000CA
:10C9700081860008F186000840004000C061002068
:10C98000D061002002000000000000000300000051
:10C9900000000000398700080000000010000000BF
:10C9A000E061002000000000010000000000000025
:10C9B0003C650020010102005995000869940008B7
:10C9C00005950008E994000843000000D0C900085C
:10C9D00009024300020100C0320904000001020202
:10C9E00001000524001001052401000104240202B5
:10C9F0000524060001070582030800FF0904010061
:10CA0000020A00000007050102400000070581023C
:10CA100040000000120000001CCA000812011001B2
:10CA200002000040AE2D5810000201020301000078
:10CA30000403090425424F415244250043756265B1
:10CA40004F72616E6765506C75732D4F4449440099
:10CA50003031323334353637383941424344454634
:10CA600000000000000000200000020002000000A2
:10CA70000000003000000400080000000000002456
:10CA800000000800040000000004000000FC00009A
:10CA900002000000000004300080000008000000D8
:10CAA0000000003800000100010000001F1C1F1ED4
:10CAB0001F1E1F1F1E1F1E1F1F1D1F1E1F1E1F1F8D
:10CAC0001E1F1E1F00000000958800084D8B0008E7
:10CAD000F98B000840004000746600207466002056
:10CAE000010000008466002080000000400100007A
:10CAF0000800000000010000001000000800000015
:10CB000069646C65000000006D61696E002C04387A
:10CB1000040438080C10141C2024252600000000F2
:10CB2000000064040100040000000000000C00107C
:10CB3000283034007C3AFF7F010000000000000034
:10CB4000372B00000000000000001E000000000065
:10CB5000FF00000018490020203900208C390020F7
:10CB6000F839002000000000CCBB0008830400005E
:10CB7000D7BB000850040000E5BB0008010000001E
:10CB80000000000000960000000008009600000071
:10CB9000000800000400000030CA00080000000087
:10CBA0000000000000000000000000000000000085
:04CBB0000000000081
:00000001FF
